Date,Price,Open,High,Low,Vol.,Change %
"Jun 01, 2021","23,925.19","23,588.59","24,032.07","23,342.43",642.59K,1.72%
"May 31, 2021","23,519.96","23,866.75","23,947.25","23,440.51",594.53K,-1.44%
"May 30, 2021","23,863.69","23,770.46","23,910.12","23,757.46",483.51K,0.89%
"May 27, 2021","23,653.59","23,743.71","24,038.46","23,617.81",1.02M,-0.32%
"May 26, 2021","23,730.43","23,921.45","24,338.79","23,646.25",606.71K,-2.21%
"May 25, 2021","24,267.95","24,349.54","24,349.54","24,030.00",516.08K,-0.13%
"May 24, 2021","24,299.73","23,821.51","24,802.32","23,818.05",547.35K,-1.05%
"May 23, 2021","24,557.23","24,147.62","24,584.10","24,131.23",399.49K,1.54%
"May 20, 2021","24,184.02","25,003.46","25,008.13","24,184.02",581.21K,-3.09%
"May 19, 2021","24,956.30","25,092.20","25,109.63","24,283.48",630.4K,-0.54%
"May 18, 2021","25,092.20","25,179.45","25,279.87","24,997.00",451.98K,-0.54%
"May 17, 2021","25,228.76","24,923.43","25,242.63","24,727.15",594.33K,1.38%
"May 10, 2021","24,885.77","25,581.61","25,595.17","24,885.77",662.3K,-2.60%
"May 09, 2021","25,549.09","25,657.58","25,676.01","25,047.35",313.49K,-0.41%
"May 06, 2021","25,655.06","25,457.26","25,672.88","25,289.05",592.12K,0.78%
"May 05, 2021","25,457.26","25,019.05","25,602.45","24,941.25",385.55K,1.87%
"May 04, 2021","24,989.51","24,560.16","25,083.76","24,540.37",346.2K,1.82%
"May 03, 2021","24,542.80","23,712.76","24,733.43","23,712.76",442.11K,3.67%
"May 02, 2021","23,674.95","24,260.81","24,260.81","23,655.74",194.17K,-2.21%
"Apr 29, 2021","24,209.11","24,107.54","24,775.32","23,986.05",195.9K,0.17%
"Apr 28, 2021","24,168.42","24,779.53","25,603.61","24,168.42",398.37K,-2.16%
"Apr 27, 2021","24,701.66","24,722.35","24,788.39","24,523.09",190.22K,-0.19%
"Apr 26, 2021","24,748.20","24,064.02","24,748.20","24,011.55",142.9K,2.84%
"Apr 25, 2021","24,064.02","24,252.73","24,443.81","24,064.02",104.84K,-0.78%
"Apr 22, 2021","24,252.73","24,801.94","24,822.01","24,237.10",284.54K,-2.29%
"Apr 21, 2021","24,822.01","24,385.56","24,939.86","24,384.47",210.28K,1.70%
"Apr 20, 2021","24,406.06","24,561.35","24,632.26","24,067.25",206.84K,-0.63%
"Apr 19, 2021","24,561.35","24,007.65","24,625.52","23,953.06",431.86K,2.31%
"Apr 18, 2021","24,007.65","24,037.58","24,074.49","23,892.19",78.35K,-0.29%
"Apr 15, 2021","24,078.56","23,895.68","24,096.10","23,835.42",84.97K,0.82%
"Apr 14, 2021","23,882.75","23,855.76","23,985.99","23,572.11",126.35K,0.32%
"Apr 13, 2021","23,805.77","23,539.12","24,380.53","23,539.12",227.54K,1.15%
"Apr 12, 2021","23,535.69","23,830.64","23,940.72","23,497.30",213.94K,-1.32%
"Apr 11, 2021","23,851.14","23,497.44","23,926.55","23,494.10",582.15K,1.84%
"Apr 08, 2021","23,420.50","23,388.35","23,856.56","23,348.35",292.7K,0.06%
"Apr 07, 2021","23,406.71","23,277.15","23,475.50","22,873.94",248.59K,0.55%
"Apr 06, 2021","23,279.35","24,123.96","24,235.84","23,252.75",227.13K,-3.64%
"Apr 05, 2021","24,157.62","24,553.55","24,553.55","23,918.45",155.27K,-1.04%
"Apr 04, 2021","24,410.89","24,311.29","24,410.89","24,155.62",149.49K,0.16%
"Apr 01, 2021","24,372.76","24,258.51","24,372.76","23,926.19",119.63K,0.33%
"Mar 31, 2021","24,291.91","24,151.79","24,291.91","23,812.08",353.52K,0.58%
"Mar 30, 2021","24,151.79","23,771.88","24,151.79","23,563.75",171.75K,1.54%
"Mar 29, 2021","23,786.19","23,641.45","23,831.09","23,600.58",175.43K,0.22%
"Mar 28, 2021","23,733.30","23,680.10","23,913.04","23,655.17",239.24K,-0.10%
"Mar 25, 2021","23,756.08","24,315.48","24,315.48","23,730.20",274.91K,-2.16%
"Mar 24, 2021","24,280.86","24,052.88","24,403.11","23,904.25",422.9K,0.93%
"Mar 23, 2021","24,057.65","24,391.67","24,391.67","24,004.57",216.42K,-1.47%
"Mar 22, 2021","24,415.52","24,181.93","24,704.24","24,062.05",343.29K,1.27%
"Mar 21, 2021","24,110.36","24,396.65","24,528.71","24,110.36",225.34K,-1.61%
"Mar 18, 2021","24,505.33","23,766.65","24,558.15","23,766.65",328.58K,2.84%
"Mar 17, 2021","23,828.68","23,711.14","24,204.82","23,619.22",346.34K,0.50%
"Mar 16, 2021","23,711.14","23,579.78","24,039.49","23,274.60",346.01K,0.38%
"Mar 15, 2021","23,620.69","23,880.41","23,892.10","23,274.57",315.39K,-0.68%
"Mar 14, 2021","23,783.31","24,005.58","24,222.50","23,737.00",398.07K,-1.62%
"Mar 11, 2021","24,175.09","25,851.15","25,851.15","23,909.07",700.94K,-6.69%
"Mar 10, 2021","25,908.40","26,208.49","26,311.43","25,826.31",244.46K,-1.12%
"Mar 09, 2021","26,202.64","25,840.11","26,249.80","25,682.77",202.12K,1.54%
"Mar 08, 2021","25,805.04","26,026.75","26,026.75","25,379.10",287.36K,-0.80%
"Mar 07, 2021","26,012.03","25,840.89","26,216.61","25,613.37",310.18K,0.38%
"Mar 04, 2021","25,914.50","26,010.33","26,257.08","25,508.88",318.19K,-0.96%
"Mar 03, 2021","26,165.55","25,746.21","26,165.55","25,704.39",270.52K,1.11%
"Mar 02, 2021","25,878.70","25,677.49","25,967.63","25,647.68",305.99K,0.21%
"Mar 01, 2021","25,824.70","25,466.59","25,880.71","25,466.59",634.22K,1.52%
"Feb 28, 2021","25,437.36","26,074.14","26,687.92","25,437.36",486.23K,-5.38%
"Feb 25, 2021","26,883.79","26,461.45","27,004.86","26,428.92",511.45K,1.31%
"Feb 24, 2021","26,535.91","27,263.40","27,462.83","26,137.75",821.36K,-2.88%
"Feb 23, 2021","27,321.85","27,496.37","27,862.84","26,965.65",760.37K,-0.66%
"Feb 22, 2021","27,502.22","27,131.32","27,550.72","26,810.93",663.52K,1.50%
"Feb 21, 2021","27,096.25","27,635.50","27,698.18","27,066.11",999.11K,-1.31%
"Feb 18, 2021","27,456.00","27,866.66","28,103.08","26,842.39",673.34K,-1.47%
"Feb 17, 2021","27,866.66","26,588.85","27,866.66","26,402.46",1.88M,4.81%
"Feb 16, 2021","26,588.85","25,256.35","27,260.13","25,132.56",559.4K,5.28%
"Feb 15, 2021","25,256.35","25,146.82","25,412.33","24,942.91",259.79K,0.44%
"Feb 14, 2021","25,146.82","25,346.70","25,648.92","25,054.05",404.03K,-0.79%
"Feb 11, 2021","25,346.70","25,667.15","25,704.66","25,268.85",179.04K,-1.25%
"Feb 10, 2021","25,667.15","25,359.53","25,727.23","25,305.37",230.23K,1.21%
"Feb 09, 2021","25,359.53","25,589.83","25,708.86","25,359.53",270.2K,-0.90%
"Feb 08, 2021","25,589.83","25,269.14","25,657.53","25,274.99",300.01K,1.27%
"Feb 07, 2021","25,269.14","24,731.09","25,635.38","24,708.64",568.34K,2.18%
"Feb 04, 2021","24,731.09","24,922.01","24,834.11","24,325.71",352.07K,-0.77%
"Feb 03, 2021","24,922.01","25,067.24","25,496.74","24,419.63",491.42K,-0.58%
"Feb 02, 2021","25,067.24","25,234.49","25,358.26","24,705.00",306.51K,-0.66%
"Feb 01, 2021","25,234.49","25,139.59","25,417.77","25,116.09",313.7K,0.38%
"Jan 31, 2021","25,139.59","25,927.97","26,072.08","25,139.59",238.92K,-3.04%
"Jan 28, 2021","25,927.97","26,308.58","26,218.73","25,811.15",141.7K,-1.45%
"Jan 27, 2021","26,308.58","25,940.86","26,586.53","25,751.24",95.05K,1.42%
"Jan 26, 2021","25,940.86","26,053.45","26,197.43","25,779.96",159.58K,-0.43%
"Jan 25, 2021","26,053.45","26,490.39","26,543.22","25,861.80",153.65K,-1.65%
"Jan 24, 2021","26,490.39","26,045.62","26,573.27","25,767.15",141.45K,1.71%
"Jan 21, 2021","26,045.62","26,279.48","26,279.48","25,731.11",170.24K,-0.89%
"Jan 20, 2021","26,279.48","25,949.96","26,349.43","25,283.05",131.01K,1.27%
"Jan 19, 2021","25,949.96","25,739.30","26,289.56","25,172.83",258.42K,0.82%
"Jan 18, 2021","25,739.30","25,824.55","26,257.34","24,902.02",436.48K,-0.33%
"Jan 17, 2021","25,824.55","26,536.41","26,530.57","25,824.55",263.02K,-2.68%
"Jan 14, 2021","26,536.41","25,751.51","26,825.28","25,356.47",600.36K,3.05%
"Jan 13, 2021","25,751.51","25,687.68","25,751.51","24,705.06",508.75K,0.25%
"Jan 12, 2021","25,687.68","24,877.77","26,314.20","24,398.63",487.35K,3.26%
"Jan 11, 2021","24,877.77","24,742.76","24,922.31","24,263.44",435.94K,0.55%
"Jan 10, 2021","24,742.76","24,437.30","24,924.78","23,836.29",581.28K,1.25%
"Jan 07, 2021","24,437.30","25,047.98","25,379.04","23,913.52",692.59K,-2.44%
"Jan 06, 2021","25,047.98","24,849.97","25,290.60","24,424.58",888.96K,0.80%
"Jan 05, 2021","24,849.97","25,025.24","25,399.53","24,041.93",594.48K,-0.70%
"Jan 04, 2021","25,025.24","25,014.71","25,219.94","24,161.99",404.75K,0.04%
"Jan 03, 2021","25,014.71","26,245.46","26,260.52","24,336.22",327.58K,-4.69%
"Dec 31, 2020","26,245.46","24,974.65","26,398.68","23,750.93",406.41K,5.09%
"Dec 30, 2020","24,974.65","25,728.11","26,771.73","24,494.11",486.85K,-2.93%
"Dec 29, 2020","25,728.11","24,349.17","25,728.11","24,513.83",777.27K,5.66%
"Dec 28, 2020","24,349.17","21,720.21","24,418.12","21,705.97",366.73K,12.10%
"Dec 27, 2020","21,720.21","21,356.96","21,838.14","21,132.37",402.14K,1.70%
"Dec 24, 2020","21,356.96","21,085.63","21,364.17","20,860.14",563.7K,1.29%
"Dec 23, 2020","21,085.63","21,698.23","21,698.23","20,856.37",366.6K,-2.82%
"Dec 22, 2020","21,698.23","20,664.23","21,698.23","20,676.43",502.88K,5.00%
"Dec 21, 2020","20,664.23","21,000.01","20,785.02","19,960.19",547.17K,-1.60%
"Dec 20, 2020","21,000.01","20,650.33","21,000.01","20,434.68",370.05K,1.69%
"Dec 17, 2020","20,650.33","19,978.38","20,673.35","19,909.51",356.07K,3.36%
"Dec 16, 2020","19,978.38","20,268.32","20,313.67","19,882.66",182.35K,-1.43%
"Dec 15, 2020","20,268.32","19,942.12","20,268.32","19,780.13",377.26K,1.64%
"Dec 14, 2020","19,942.12","20,245.93","20,970.56","19,841.09",427.12K,-1.50%
"Dec 13, 2020","20,245.93","20,557.03","21,268.84","20,238.99",820.12K,-1.51%
"Dec 10, 2020","20,557.03","19,840.14","20,557.03","19,583.31",684.29K,3.61%
"Dec 09, 2020","19,840.14","20,428.58","21,103.87","19,654.17",589.53K,-2.88%
"Dec 08, 2020","20,428.58","18,899.61","20,428.58","18,747.59",616.04K,8.09%
"Dec 07, 2020","18,899.61","18,669.23","18,899.61","18,494.48",532.25K,1.23%
"Dec 06, 2020","18,669.23","19,257.55","20,320.61","18,663.18",703.1K,-3.06%
"Dec 03, 2020","19,257.55","19,254.74","19,330.74","19,099.79",367.07K,0.01%
"Dec 02, 2020","19,254.74","19,835.54","19,996.17","19,254.74",538.52K,-2.93%
"Dec 01, 2020","19,835.54","19,487.11","19,835.54","19,369.56",316.18K,1.79%
"Nov 30, 2020","19,487.11","19,920.81","20,298.45","19,456.00",338.31K,-2.18%
"Nov 29, 2020","19,920.81","19,785.21","20,237.59","19,732.26",492.15K,0.69%
"Nov 26, 2020","19,785.21","20,241.29","20,040.37","19,333.73",892.23K,-2.25%
"Nov 25, 2020","20,241.29","19,646.84","20,789.22","19,714.35",1.9M,3.03%
"Nov 24, 2020","19,646.84","19,615.08","19,720.19","18,797.28",346.91K,0.16%
"Nov 23, 2020","19,615.08","19,719.78","19,852.76","19,462.06",327.89K,-0.53%
"Nov 22, 2020","19,719.78","20,333.81","20,651.22","19,433.27",252.95K,-3.02%
"Nov 19, 2020","20,333.81","20,324.06","20,692.33","19,440.08",422.28K,0.05%
"Nov 18, 2020","20,324.06","21,100.91","21,805.78","20,130.73",511.83K,-3.68%
"Nov 17, 2020","21,100.91","20,187.41","21,100.91","19,985.68",218.23K,4.53%
"Nov 16, 2020","20,187.41","20,728.99","20,740.15","19,922.81",337.44K,-2.61%
"Nov 15, 2020","20,728.99","20,462.18","20,728.99","20,387.24",401.2K,1.30%
"Nov 12, 2020","20,462.18","18,834.89","20,586.07","18,789.13",529.58K,8.64%
"Nov 11, 2020","18,834.89","17,367.76","18,885.52","17,101.20",358.65K,8.45%
"Nov 10, 2020","17,367.76","17,654.95","17,794.28","16,995.58",542.62K,-1.63%
"Nov 09, 2020","17,654.95","16,899.11","17,831.92","16,606.56",489.27K,4.47%
"Nov 08, 2020","16,899.11","17,261.52","17,437.74","16,689.31",401.87K,-2.10%
"Nov 05, 2020","17,261.52","18,620.32","18,636.71","17,057.25",371.15K,-7.30%
"Nov 04, 2020","18,620.32","18,530.84","18,796.30","17,866.20",528.31K,0.48%
"Nov 03, 2020","18,530.84","17,346.18","18,754.37","16,284.10",687.41K,6.83%
"Nov 02, 2020","17,346.18","16,145.86","17,346.18","16,134.34",217.19K,7.43%
"Nov 01, 2020","16,145.86","16,158.77","16,364.25","16,055.60",230.91K,-0.08%
"Oct 29, 2020","16,158.77","15,673.16","16,372.56","14,869.55",660.42K,3.10%
"Oct 28, 2020","15,673.16","14,438.08","15,703.79","14,248.43",798.22K,8.55%
"Oct 27, 2020","14,438.08","14,889.55","14,893.86","14,324.10",286.74K,-3.03%
"Oct 26, 2020","14,889.55","13,881.02","14,933.77","13,279.66",432.76K,7.27%
"Oct 25, 2020","13,881.02","15,413.99","15,411.63","13,881.02",604.45K,-9.95%
"Oct 22, 2020","15,413.99","15,261.14","15,413.99","15,100.19",322.17K,1.00%
"Oct 21, 2020","15,261.14","14,962.25","15,323.27","14,690.74",364.29K,2.00%
"Oct 20, 2020","14,962.25","14,419.15","14,968.09","14,236.02",359.1K,3.77%
"Oct 19, 2020","14,419.15","14,628.64","14,608.03","14,346.21",220.07K,-1.43%
"Oct 18, 2020","14,628.64","14,643.52","14,699.50","14,497.94",393.9K,-0.10%
"Oct 15, 2020","14,643.52","15,227.73","15,286.40","14,463.74",493.02K,-3.84%
"Oct 14, 2020","15,227.73","14,978.97","15,283.23","14,797.88",399.89K,1.66%
"Oct 13, 2020","14,978.97","14,708.26","15,370.42","14,559.82",939.5K,1.84%
"Oct 12, 2020","14,708.26","14,794.62","14,898.87","14,632.33",511.06K,-0.58%
"Oct 11, 2020","14,794.62","15,000.95","15,078.97","14,239.51",1M,-1.38%
"Oct 08, 2020","15,000.95","15,033.72","15,112.98","14,811.49",590.79K,-0.22%
"Oct 07, 2020","15,033.72","14,219.73","15,140.62","13,797.88",816.05K,5.72%
"Oct 06, 2020","14,219.73","14,212.64","14,504.18","14,127.20",900.5K,0.05%
"Oct 05, 2020","14,212.64","14,477.36","14,567.82","13,716.19",629.89K,-1.83%
"Oct 04, 2020","14,477.36","13,788.95","14,477.36","13,721.18",607.63K,4.99%
"Oct 01, 2020","13,788.95","14,114.21","14,178.82","13,418.22",499.34K,-2.30%
"Sep 30, 2020","14,114.21","13,653.74","14,235.05","13,550.28",663.74K,3.37%
"Sep 29, 2020","13,653.74","13,569.28","13,876.74","13,327.68",801.37K,0.62%
"Sep 28, 2020","13,569.28","14,309.65","14,368.28","13,298.73",539.12K,-5.17%
"Sep 27, 2020","14,309.65","14,509.83","14,863.64","14,214.07",532.29K,-1.38%
"Sep 24, 2020","14,509.83","13,972.40","14,509.83","13,284.95",640.58K,3.85%
"Sep 22, 2020","13,972.40","12,208.73","13,972.40","12,692.26",706.99K,14.45%
"Sep 21, 2020","12,208.73","13,057.21","13,222.00","12,066.10",952.29K,-6.50%
"Sep 20, 2020","13,057.21","12,720.73","13,378.60","12,687.09",718.61K,2.65%
"Sep 17, 2020","12,720.73","12,135.77","13,107.65","11,963.87",1.01M,4.82%
"Sep 16, 2020","12,135.77","12,544.78","12,659.00","12,117.36",470.14K,-3.26%
"Sep 15, 2020","12,544.78","11,848.62","12,571.61","11,417.88",834.79K,5.88%
"Sep 14, 2020","11,848.62","11,721.43","11,944.13","11,256.64",1.4M,1.09%
"Sep 13, 2020","11,721.43","11,672.63","12,148.57","11,552.47",547.22K,0.42%
"Sep 10, 2020","11,672.63","11,628.01","11,875.97","10,977.73",1.1M,0.38%
"Sep 09, 2020","11,628.01","11,023.96","11,927.62","10,815.93",2.12M,5.48%
"Sep 08, 2020","11,023.96","9,833.26","11,036.31","9,799.84",1.53M,12.11%
"Sep 07, 2020","9,833.26","9,757.37","9,931.54","9,453.59",647.27K,0.78%
"Sep 06, 2020","9,757.37","9,512.16","9,757.37","9,358.13",1.96M,2.58%
"Sep 03, 2020","9,512.16","9,410.35","9,516.31","9,269.31",392.95K,1.08%
"Sep 02, 2020","9,410.35","9,061.33","9,532.77","9,075.04",557.43K,3.85%
"Sep 01, 2020","9,061.33","9,278.72","9,473.73","8,907.18",408.96K,-2.34%
"Aug 31, 2020","9,278.72","9,024.74","9,421.18","8,955.22",823.82K,2.81%
"Aug 30, 2020","9,024.74","8,769.53","9,024.74","8,729.06",396.11K,2.91%
"Aug 27, 2020","8,769.53","8,716.08","8,770.79","8,672.27",339.77K,0.61%
"Aug 26, 2020","8,716.08","8,729.44","8,821.36","8,625.06",223.09K,-0.15%
"Aug 25, 2020","8,729.44","8,508.39","8,739.44","8,370.93",379.32K,2.60%
"Aug 24, 2020","8,508.39","8,792.15","8,978.16","8,444.08",228.77K,-3.23%
"Aug 23, 2020","8,792.15","8,349.49","8,861.61","8,362.82",426.17K,5.30%
"Aug 20, 2020","8,349.49","8,298.64","8,429.82","8,255.93",352.65K,0.61%
"Aug 19, 2020","8,298.64","8,129.90","8,405.87","8,137.64",705.87K,2.08%
"Aug 18, 2020","8,129.90","8,549.43","8,507.75","7,930.10",355.56K,-4.91%
"Aug 17, 2020","8,549.43","8,192.43","8,700.15","8,058.05",569.57K,4.36%
"Aug 16, 2020","8,192.43","7,938.82","8,250.56","7,954.27",742.35K,3.19%
"Aug 13, 2020","7,938.82","7,956.36","8,146.34","7,938.82",352.45K,-0.22%
"Aug 12, 2020","7,956.36","8,196.13","8,197.80","7,765.19",120.77K,-2.93%
"Aug 11, 2020","8,196.13","8,177.20","8,196.51","8,081.56",310.36K,0.23%
"Aug 10, 2020","8,177.20","8,186.50","8,214.64","8,124.52",167.84K,-0.11%
"Aug 09, 2020","8,186.50","8,124.04","8,245.50","8,040.90",407.6K,0.77%
"Aug 06, 2020","8,124.04","8,127.13","8,169.52","8,070.80",205.94K,-0.04%
"Aug 05, 2020","8,127.13","8,095.75","8,180.19","8,044.18",211.79K,0.39%
"Jul 28, 2020","8,095.75","8,083.66","8,123.15","7,970.47",243.63K,0.15%
"Jul 27, 2020","8,083.66","8,123.85","8,149.72","8,071.55",176.6K,-0.49%
"Jul 26, 2020","8,123.85","8,145.47","8,214.87","8,092.47",143.81K,-0.27%
"Jul 23, 2020","8,145.47","8,269.17","8,313.41","8,145.47",395.77K,-1.50%
"Jul 22, 2020","8,269.17","8,257.38","8,293.38","8,118.07",428.62K,0.14%
"Jul 21, 2020","8,257.38","7,669.36","8,286.52","7,694.35",607.66K,7.67%
"Jul 20, 2020","7,669.36","8,316.80","8,308.88","7,565.70",304.55K,-7.78%
"Jul 19, 2020","8,316.80","8,180.48","8,361.31","8,190.64",252.85K,1.67%
"Jul 16, 2020","8,180.48","8,229.62","8,261.10","8,180.48",319.45K,-0.60%
"Jul 15, 2020","8,229.62","7,883.27","8,279.04","8,170.44",210.45K,4.39%
"Jul 14, 2020","7,883.27","8,331.04","8,343.83","7,883.27",196.1K,-5.37%
"Jul 13, 2020","8,331.04","8,270.36","8,373.15","8,268.66",237.62K,0.73%
"Jul 12, 2020","8,270.36","8,329.60","8,349.32","8,171.09",261.35K,-0.71%
"Jul 09, 2020","8,329.60","8,359.12","8,376.31","8,274.69",342.4K,-0.35%
"Jul 08, 2020","8,359.12","8,286.59","8,605.53","8,169.47",538.9K,0.88%
"Jul 07, 2020","8,286.59","8,147.46","8,298.08","8,092.56",772.02K,1.71%
"Jul 06, 2020","8,147.46","8,050.23","8,155.32","7,740.16",296.58K,1.21%
"Jul 05, 2020","8,050.23","7,926.51","8,050.23","7,804.70",325.81K,1.56%
"Jul 02, 2020","7,926.51","7,841.61","8,206.01","7,839.96",367.53K,1.08%
"Jul 01, 2020","7,841.61","8,017.57","8,136.89","7,828.22",154.61K,-2.19%
"Jun 30, 2020","8,017.57","7,758.25","8,078.11","7,656.90",208.1K,3.34%
"Jun 29, 2020","7,758.25","8,225.29","8,161.12","7,610.29",361.96K,-5.68%
"Jun 28, 2020","8,225.29","7,923.86","8,421.55","7,615.66",489.06K,3.80%
"Jun 25, 2020","7,923.86","8,036.58","8,065.94","7,857.80",187.74K,-1.40%
"Jun 24, 2020","8,036.58","7,840.36","8,229.17","7,767.94",389.83K,2.50%
"Jun 23, 2020","7,840.36","8,027.97","8,011.95","7,684.09",188.16K,-2.34%
"Jun 22, 2020","8,027.97","8,097.03","8,092.14","7,699.13",271.33K,-0.85%
"Jun 21, 2020","8,097.03","8,659.33","8,986.48","7,904.32",531.89K,-6.49%
"Jun 18, 2020","8,659.33","9,495.97","9,531.02","8,584.56",643.45K,-8.81%
"Jun 17, 2020","9,495.97","9,174.00","9,495.97","8,891.99",526.97K,3.51%
"Jun 16, 2020","9,174.00","9,356.23","9,364.54","9,011.67",619.81K,-1.95%
"Jun 15, 2020","9,356.23","8,666.28","9,356.23","8,615.96",373.23K,7.96%
"Jun 14, 2020","8,666.28","8,221.81","8,695.05","8,173.80",617.65K,5.41%
"Jun 11, 2020","8,221.81","7,694.58","8,292.05","7,612.25",638.66K,6.85%
"Jun 10, 2020","7,694.58","8,175.14","8,176.12","7,562.46",564.47K,-5.88%
"Jun 09, 2020","8,175.14","8,231.46","8,242.90","8,169.27",417.64K,-0.68%
"Jun 08, 2020","8,231.46","7,578.43","8,277.28","8,006.64",818.37K,8.62%
"Jun 07, 2020","7,578.43","7,810.76","8,153.22","7,578.43",518.48K,-2.97%
"Jun 04, 2020","7,810.76","7,473.30","7,923.36","7,459.69",853.59K,4.52%
"Jun 03, 2020","7,473.30","7,377.99","7,641.21","7,343.29",1.22M,1.29%
"Jun 02, 2020","7,377.99","7,366.07","7,478.83","7,330.00",782.33K,0.16%
"Jun 01, 2020","7,366.07","7,124.76","7,572.28","7,106.81",1.22M,3.39%
"May 31, 2020","7,124.76","7,170.71","7,307.13","7,124.76",431.34K,-0.64%
"May 21, 2020","7,170.71","7,190.07","7,396.22","7,170.46",635.9K,-0.27%
"May 20, 2020","7,190.07","7,145.31","7,209.33","7,123.95",579.21K,0.63%
"May 19, 2020","7,145.31","7,202.31","7,175.37","7,096.69",725.59K,-0.79%
"May 18, 2020","7,202.31","7,185.78","7,236.92","7,106.43",1.43M,0.23%
"May 17, 2020","7,185.78","7,092.43","7,235.53","7,077.19",620.33K,1.32%
"May 14, 2020","7,092.43","6,723.99","7,098.12","6,645.46",974.61K,5.48%
"May 13, 2020","6,723.99","7,064.28","7,068.16","6,713.12",393.36K,-4.82%
"May 12, 2020","7,064.28","7,121.72","7,117.91","7,037.13",373.38K,-0.81%
"May 11, 2020","7,121.72","7,208.54","7,148.86","6,956.43",332.23K,-1.20%
"May 10, 2020","7,208.54","6,972.87","7,237.49","7,042.03",426.75K,3.38%
"May 07, 2020","6,972.87","7,126.72","7,169.42","6,914.19",134.52K,-2.16%
"May 06, 2020","7,126.72","7,106.81","7,247.29","7,100.04",182.68K,0.28%
"May 05, 2020","7,106.81","6,726.35","7,241.77","6,767.62",129.16K,5.66%
"May 04, 2020","6,726.35","6,631.05","6,899.55","6,574.13",218.73K,1.44%
"May 03, 2020","6,631.05","7,179.07","6,987.31","6,474.97",523.48K,-7.63%
"Apr 30, 2020","7,179.07","7,357.56","7,427.77","7,134.32",273.42K,-2.43%
"Apr 29, 2020","7,357.56","6,885.79","7,392.92","6,857.48",431.67K,6.85%
"Apr 28, 2020","6,885.79","7,440.15","7,170.63","6,867.40",1.25M,-7.45%
"Apr 27, 2020","7,440.15","7,873.66","7,861.67","7,137.67",758.02K,-5.51%
"Apr 26, 2020","7,873.66","7,716.36","7,956.43","7,699.92",308.54K,2.04%
"Apr 23, 2020","7,716.36","7,793.52","7,913.07","7,570.83",450.78K,-0.99%
"Apr 22, 2020","7,793.52","7,544.57","7,872.32","7,448.41",422.62K,3.30%
"Apr 21, 2020","7,544.57","7,462.86","7,557.35","6,873.45",700.22K,1.09%
"Apr 20, 2020","7,462.86","7,541.87","7,510.40","6,987.02",1.04M,-1.05%
"Apr 19, 2020","7,541.87","6,865.87","7,586.28","6,903.24",912.35K,9.85%
"Apr 16, 2020","6,865.87","6,546.29","6,865.87","6,289.99",477.57K,4.88%
"Apr 15, 2020","6,546.29","6,819.08","6,833.18","6,446.37",738.92K,-4.00%
"Apr 14, 2020","6,819.08","6,097.69","6,960.16","6,097.69",594.80K,11.83%
"Apr 13, 2020","6,097.69","6,082.55","6,211.71","6,051.07",307.99K,0.25%
"Apr 12, 2020","6,082.55","6,286.71","6,373.48","5,969.43",415.47K,-3.25%
"Apr 09, 2020","6,286.71","6,299.44","6,329.65","6,149.57",364.24K,-0.20%
"Apr 08, 2020","6,299.44","6,279.89","6,299.44","6,143.14",351.70K,0.31%
"Apr 07, 2020","6,279.89","5,972.07","6,294.58","5,928.24",461.56K,5.15%
"Apr 06, 2020","5,972.07","5,670.14","5,972.07","5,652.69",361.05K,5.32%
"Apr 05, 2020","5,670.14","5,936.52","5,997.69","5,626.67",263.13K,-4.49%
"Apr 02, 2020","5,936.52","5,626.02","5,936.52","5,588.36",458.37K,5.52%
"Apr 01, 2020","5,626.02","5,517.87","5,626.02","5,375.93",209.33K,1.96%
"Mar 31, 2020","5,517.87","5,516.83","5,894.99","5,421.93",568.32K,0.02%
"Mar 30, 2020","5,516.83","5,599.65","5,600.21","5,451.08",187.62K,-1.48%
"Mar 29, 2020","5,599.65","5,511.02","5,652.37","5,452.54",221.92K,1.61%
"Mar 26, 2020","5,511.02","5,288.17","5,525.23","5,288.17",198.87K,4.21%
"Mar 25, 2020","5,288.17","5,803.12","5,863.74","5,219.32",408.77K,-8.87%
"Mar 24, 2020","5,803.12","5,229.04","5,812.26","5,174.05",323.47K,10.98%
"Mar 23, 2020","5,229.04","5,593.98","5,622.99","5,198.11",295.70K,-6.52%
"Mar 22, 2020","5,593.98","5,925.76","5,915.89","5,372.25",343.02K,-5.60%
"Mar 19, 2020","5,925.76","6,043.77","6,193.33","5,905.64",862.19K,-1.95%
"Mar 18, 2020","6,043.77","5,157.85","6,089.82","5,320.60",586.79K,17.18%
"Mar 17, 2020","5,157.85","4,917.01","5,206.28","4,923.83",313.76K,4.90%
"Mar 16, 2020","4,917.01","5,252.37","5,370.44","4,829.52",299.16K,-6.38%
"Mar 15, 2020","5,252.37","5,583.14","5,803.43","5,137.95",364.10K,-5.92%
"Mar 12, 2020","5,583.14","5,756.73","5,835.69","5,376.66",521.75K,-3.02%
"Mar 11, 2020","5,756.73","6,178.07","6,235.62","5,693.70",465.46K,-6.82%
"Mar 10, 2020","6,178.07","6,144.53","6,449.71","5,949.31",631.93K,0.55%
"Mar 09, 2020","6,144.53","6,657.07","6,258.34","5,826.18",533.04K,-7.70%
"Mar 08, 2020","6,657.07","7,603.05","7,326.65","6,370.50",553.42K,-12.44%
"Mar 05, 2020","7,603.05","7,762.74","7,829.21","7,541.77",343.79K,-2.06%
"Mar 04, 2020","7,762.74","7,341.23","7,789.36","7,292.83",335.83K,5.74%
"Mar 03, 2020","7,341.23","7,142.75","7,341.23","7,142.75",220.61K,2.78%
"Mar 02, 2020","7,142.75","7,291.51","7,456.87","7,114.39",284.09K,-2.04%
"Mar 01, 2020","7,291.51","7,546.71","7,474.19","7,066.13",226.57K,-3.38%
"Feb 27, 2020","7,546.71","7,627.63","7,627.63","7,463.13",153.16K,-1.06%
"Feb 26, 2020","7,627.63","7,623.14","7,674.65","7,548.49",334.80K,0.06%
"Feb 25, 2020","7,623.14","7,781.90","7,772.72","7,576.08",188.20K,-2.04%
"Feb 24, 2020","7,781.90","7,813.64","7,809.20","7,568.84",248.42K,-0.41%
"Feb 23, 2020","7,813.64","7,731.51","7,879.12","7,595.34",482.84K,1.06%
"Feb 20, 2020","7,731.51","7,675.11","7,841.62","7,644.56",295.14K,0.73%
"Feb 19, 2020","7,675.11","7,714.98","7,759.83","7,574.32",198.99K,-0.52%
"Feb 18, 2020","7,714.98","7,748.65","7,825.51","7,506.81",444.22K,-0.43%
"Feb 17, 2020","7,748.65","8,131.09","8,636.98","7,721.94",781.97K,-4.70%
"Feb 16, 2020","8,131.09","8,166.81","8,471.49","8,022.49",236.78K,-0.44%
"Feb 13, 2020","8,166.81","7,953.87","8,166.81","7,817.90",498.77K,2.68%
"Feb 12, 2020","7,953.87","7,865.70","8,252.70","7,785.22",516.73K,1.12%
"Feb 11, 2020","7,865.70","7,227.44","7,883.80","7,211.01",411.01K,8.83%
"Feb 10, 2020","7,227.44","7,275.30","7,298.78","7,128.17",74.03K,-0.66%
"Feb 09, 2020","7,275.30","7,226.22","7,275.30","7,165.55",104.07K,0.68%
"Feb 06, 2020","7,226.22","7,230.01","7,264.53","7,079.25",232.90K,-0.05%
"Feb 05, 2020","7,230.01","7,503.60","7,618.53","7,187.48",519.02K,-3.65%
"Feb 04, 2020","7,503.60","7,437.14","7,525.22","7,368.13",193.75K,0.89%
"Feb 03, 2020","7,437.14","7,224.95","7,471.09","7,221.02",257.89K,2.94%
"Feb 02, 2020","7,224.95","7,331.99","7,315.40","7,193.26",200.00K,-1.46%
"Jan 30, 2020","7,331.99","7,209.26","7,331.99","7,187.19",125.80K,1.70%
"Jan 29, 2020","7,209.26","7,254.28","7,457.22","7,209.26",291.30K,-0.62%
"Jan 28, 2020","7,254.28","7,376.79","7,384.38","7,170.22",249.60K,-1.66%
"Jan 27, 2020","7,376.79","7,457.90","7,534.98","7,334.25",173.44K,-1.09%
"Jan 26, 2020","7,457.90","7,434.87","7,586.37","7,371.66",202.56K,0.31%
"Jan 23, 2020","7,434.87","7,464.25","7,455.35","7,346.92",113.17K,-0.39%
"Jan 22, 2020","7,464.25","7,465.12","7,557.85","7,386.97",233.41K,-0.01%
"Jan 21, 2020","7,465.12","7,356.76","7,736.78","7,296.87",433.28K,1.47%
"Jan 20, 2020","7,356.76","7,518.56","7,530.51","7,276.27",332.03K,-2.15%
"Jan 19, 2020","7,518.56","7,391.07","7,575.57","7,336.26",527.47K,1.72%
"Jan 16, 2020","7,391.07","7,157.70","7,392.52","7,102.47",454.92K,3.26%
"Jan 15, 2020","7,157.70","6,930.64","7,164.81","6,846.91",270.52K,3.28%
"Jan 14, 2020","6,930.64","7,173.37","7,191.73","6,856.35",396.59K,-3.38%
"Jan 13, 2020","7,173.37","6,972.07","7,322.89","6,933.32",536.81K,2.89%
"Jan 12, 2020","6,972.07","6,609.95","6,972.07","6,611.76",429.12K,5.48%
"Jan 09, 2020","6,609.95","6,359.89","6,628.94","6,430.19",89.16K,3.93%
"Jan 08, 2020","6,359.89","6,512.87","6,484.07","6,208.95",130.44K,-2.35%
"Jan 07, 2020","6,512.87","6,552.30","6,717.56","6,509.22",193.13K,-0.60%
"Jan 06, 2020","6,552.30","6,810.26","6,831.59","6,496.41",175.42K,-3.79%
"Jan 05, 2020","6,810.26","6,880.48","6,910.18","6,656.22",197.65K,-1.02%
"Jan 02, 2020","6,880.48","6,947.14","7,090.51","6,779.84",65.51K,-0.96%
"Jan 01, 2020","6,947.14","7,179.16","7,201.04","6,912.10",114.31K,-3.23%
"Dec 31, 2019","7,179.16","6,905.63","7,205.85","6,843.55",174.64K,3.96%
"Dec 30, 2019","6,905.63","7,014.66","7,014.66","6,739.59",152.38K,-1.55%
"Dec 29, 2019","7,014.66","6,998.39","7,079.70","6,930.30",148.89K,0.23%
"Dec 26, 2019","6,998.39","6,682.94","7,036.27","6,583.16",479.90K,4.72%
"Dec 25, 2019","6,682.94","6,472.03","6,706.39","6,466.24",710.48K,3.26%
"Dec 24, 2019","6,472.03","6,501.86","6,563.52","6,463.92",105.80K,-0.46%
"Dec 23, 2019","6,501.86","6,623.74","6,632.43","6,501.86",229.54K,-1.84%
"Dec 22, 2019","6,623.74","6,805.05","6,843.60","6,535.93",161.09K,-2.66%
"Dec 19, 2019","6,805.05","6,599.60","6,878.48","6,542.02",256.40K,3.11%
"Dec 18, 2019","6,599.60","6,560.34","6,774.74","6,417.44",225.37K,0.60%
"Dec 17, 2019","6,560.34","6,826.20","6,994.47","6,449.71",434.84K,-3.89%
"Dec 16, 2019","6,826.20","6,765.50","7,099.81","6,623.90",438.70K,0.90%
"Dec 15, 2019","6,765.50","6,214.04","6,795.42","6,201.55",228.36K,8.87%
"Dec 12, 2019","6,214.04","6,313.57","6,316.47","6,073.39",290.04K,-1.58%
"Dec 11, 2019","6,313.57","6,445.21","6,505.50","6,223.28",155.15K,-2.04%
"Dec 10, 2019","6,445.21","6,456.01","6,489.11","6,163.79",349.65K,-0.17%
"Dec 09, 2019","6,456.01","6,142.40","6,471.65","5,909.91",385.39K,5.11%
"Dec 08, 2019","6,142.40","6,578.77","6,593.58","6,086.77",239.18K,-6.63%
"Dec 05, 2019","6,578.77","6,345.64","6,578.77","6,010.12",311.68K,3.67%
"Dec 04, 2019","6,345.64","7,203.81","7,512.04","6,310.47",610.26K,-11.91%
"Dec 03, 2019","7,203.81","6,840.02","7,207.80","6,474.69",651.78K,5.32%
"Dec 02, 2019","6,840.02","6,241.86","6,840.02","5,813.88",679.00K,9.58%
"Dec 01, 2019","6,241.86","6,255.76","6,369.68","5,957.18",338.31K,-0.22%
"Nov 28, 2019","6,255.76","5,959.47","6,377.44","5,998.83",979.93K,4.97%
"Nov 27, 2019","5,959.47","6,175.04","6,264.39","5,630.67",1.21M,-3.49%
"Nov 26, 2019","6,175.04","5,785.06","6,175.04","5,777.53",926.95K,6.74%
"Nov 25, 2019","5,785.06","5,431.54","5,791.45","5,495.25",639.08K,6.51%
"Nov 24, 2019","5,431.54","5,569.53","5,586.11","5,421.75",837.82K,-2.48%
"Nov 21, 2019","5,569.53","5,466.91","5,678.10","5,373.88",1.18M,1.88%
"Nov 20, 2019","5,466.91","5,082.96","5,466.91","5,051.59",1.15M,7.55%
"Nov 19, 2019","5,082.96","4,810.24","5,146.99","4,778.39",883.89K,5.67%
"Nov 18, 2019","4,810.24","4,717.55","4,859.42","4,755.50",832.27K,1.96%
"Nov 17, 2019","4,717.55","4,956.91","5,041.03","4,277.90",6.42M,-4.83%
"Nov 14, 2019","4,956.91","5,703.00","5,088.49","4,849.53",2.51M,-13.08%
"Nov 13, 2019","5,703.00","6,911.78","6,868.37","5,617.93",3.40M,-17.49%
"Nov 12, 2019","6,911.78","6,848.02","7,623.43","6,339.68",5.16M,0.93%
"Nov 11, 2019","6,848.02","5,947.34","6,876.70","6,075.43",3.85M,15.14%
"Nov 10, 2019","5,947.34","5,261.50","6,170.88","5,395.22",3.90M,13.04%
"Nov 07, 2019","5,261.50","4,771.15","5,310.69","4,745.04",2.92M,10.28%
"Nov 06, 2019","4,771.15","4,683.35","4,800.34","4,694.53",1.17M,1.87%
"Nov 05, 2019","4,683.35","4,492.58","4,685.44","4,541.51",1.62M,4.25%
"Nov 04, 2019","4,492.58","4,364.17","4,525.71","4,314.59",1.04M,2.94%
"Nov 03, 2019","4,364.17","4,185.55","4,373.65","4,165.68",925.54K,4.27%
"Oct 31, 2019","4,185.55","4,064.24","4,185.55","4,042.72",765.65K,2.98%
"Oct 30, 2019","4,064.24","3,993.83","4,070.95","3,988.32",955.05K,1.76%
"Oct 29, 2019","3,993.83","3,892.74","4,084.37","3,959.59",1.36M,2.60%
"Oct 28, 2019","3,892.74","3,957.44","4,026.14","3,878.80",469.46K,-1.63%
"Oct 27, 2019","3,957.44","3,948.56","3,995.77","3,942.06",474.39K,0.22%
"Oct 24, 2019","3,948.56","3,922.06","3,980.61","3,872.57",441.73K,0.68%
"Oct 23, 2019","3,922.06","3,968.25","4,006.20","3,912.07",289.65K,-1.16%
"Oct 22, 2019","3,968.25","3,742.43","3,984.31","3,742.12",581.43K,6.03%
"Oct 21, 2019","3,742.43","3,664.37","3,810.31","3,642.86",315.43K,2.13%
"Oct 20, 2019","3,664.37","3,685.06","3,702.87","3,637.77",274.36K,-0.56%
"Oct 17, 2019","3,685.06","3,620.54","3,708.03","3,593.14",322.65K,1.78%
"Oct 16, 2019","3,620.54","3,493.54","3,620.54","3,440.91",182.44K,3.64%
"Oct 15, 2019","3,493.54","3,430.72","3,493.54","3,410.74",55.39K,1.83%
"Oct 14, 2019","3,430.72","3,489.56","3,473.11","3,398.78",34.95K,-1.69%
"Oct 13, 2019","3,489.56","3,523.71","3,594.06","3,482.73",188.03K,-0.97%
"Oct 10, 2019","3,523.71","3,553.39","3,568.30","3,433.02",43.47K,-0.84%
"Oct 09, 2019","3,553.39","3,755.15","3,779.00","3,514.87",318.53K,-5.37%
"Oct 08, 2019","3,755.15","3,920.68","3,958.10","3,634.38",419.82K,-4.22%
"Oct 07, 2019","3,920.68","3,831.98","4,268.63","3,920.68",804.68K,2.31%
"Oct 06, 2019","3,831.98","3,776.37","3,840.20","3,776.37",71.71K,1.47%
"Oct 03, 2019","3,776.37","3,775.34","3,790.74","3,775.34",61.98K,0.03%
"Oct 02, 2019","3,775.34","3,773.48","3,783.89","3,765.79",43.41K,0.05%
"Oct 01, 2019","3,773.48","3,777.44","3,817.23","3,773.48",100.88K,-0.10%
"Sep 30, 2019","3,777.44","3,784.64","3,789.32","3,756.42",94.02K,-0.19%
"Sep 29, 2019","3,784.64","3,704.24","3,784.64","3,704.24",42.17K,2.17%
"Sep 26, 2019","3,704.24","3,642.70","3,715.13","3,643.89",53.33K,1.69%
"Sep 25, 2019","3,642.70","3,651.46","3,661.78","3,640.77",77.28K,-0.24%
"Sep 24, 2019","3,651.46","3,639.52","3,668.12","3,636.11",72.24K,0.33%
"Sep 22, 2019","3,639.52","3,622.28","3,641.67","3,635.05",73.06K,0.48%
"Sep 19, 2019","3,622.28","3,625.21","3,628.64","3,622.28",62.56K,-0.08%
"Sep 18, 2019","3,625.21","3,623.25","3,628.31","3,596.78",36.28K,0.05%
"Sep 17, 2019","3,623.25","3,657.98","3,657.98","3,623.25",40.29K,-0.95%
"Sep 16, 2019","3,657.98","3,667.93","3,682.62","3,657.98",43.95K,-0.27%
"Sep 15, 2019","3,667.93","3,701.08","3,701.38","3,667.93",211.38K,-0.90%
"Sep 12, 2019","3,701.08","3,693.90","3,760.04","3,687.78",120.01K,0.19%
"Sep 11, 2019","3,693.90","3,697.55","3,708.21","3,664.12",106.78K,-0.10%
"Sep 10, 2019","3,697.55","3,770.98","3,795.05","3,695.97",87.02K,-1.95%
"Sep 09, 2019","3,770.98","3,733.91","3,770.98","3,724.58",77.28K,0.99%
"Sep 08, 2019","3,733.91","3,740.31","3,762.13","3,722.28",110.62K,-0.17%
"Sep 05, 2019","3,740.31","3,765.91","3,757.54","3,717.68",85.78K,-0.68%
"Sep 04, 2019","3,765.91","3,734.31","3,765.91","3,699.36",78.43K,0.85%
"Sep 03, 2019","3,734.31","3,767.00","3,768.55","3,734.31",38.41K,-0.87%
"Sep 02, 2019","3,767.00","3,762.06","3,787.65","3,767.00",19.60K,0.13%
"Sep 01, 2019","3,762.06","3,867.98","3,867.98","3,762.06",38.89K,-2.74%
"Aug 29, 2019","3,867.98","3,829.52","3,867.98","3,829.52",33.05K,1.00%
"Aug 28, 2019","3,829.52","3,825.53","3,844.30","3,764.49",34.25K,0.10%
"Aug 27, 2019","3,825.53","3,825.53","3,825.53","3,825.53",35.08K,0.00%
"Aug 26, 2019","3,825.53","3,743.00","3,832.66","3,725.54",33.71K,2.20%
"Aug 25, 2019","3,743.00","3,813.25","3,816.95","3,739.09",69.21K,-1.84%
"Aug 22, 2019","3,813.25","3,862.61","3,865.16","3,807.58",110.48K,-1.28%
"Aug 21, 2019","3,862.61","3,876.97","3,883.93","3,852.17",62.46K,-0.37%
"Aug 20, 2019","3,876.97","3,859.59","3,911.29","3,846.32",38.88K,0.45%
"Aug 19, 2019","3,859.59","3,978.43","3,979.96","3,831.22",54.86K,-2.99%
"Aug 18, 2019","3,978.43","3,969.99","3,983.63","3,944.37",41.77K,0.21%
"Aug 08, 2019","3,969.99","3,779.79","3,984.38","3,797.11",96.95K,5.03%
"Aug 07, 2019","3,779.79","3,746.92","3,789.87","3,748.51",38.31K,0.88%
"Aug 06, 2019","3,746.92","3,763.59","3,763.59","3,707.75",38.89K,-0.44%
"Aug 05, 2019","3,763.59","3,766.82","3,776.62","3,720.89",94.81K,-0.09%
"Aug 04, 2019","3,766.82","3,775.72","3,795.70","3,766.62",39.87K,-0.24%
"Aug 01, 2019","3,775.72","3,808.08","3,799.35","3,775.72",103.03K,-0.85%
"Jul 31, 2019","3,808.08","3,802.72","3,808.08","3,762.23",64.22K,0.14%
"Jul 30, 2019","3,802.72","3,781.98","3,809.17","3,774.58",35.14K,0.55%
"Jul 29, 2019","3,781.98","3,764.49","3,793.51","3,760.79",90.65K,0.46%
"Jul 28, 2019","3,764.49","3,786.25","3,786.25","3,747.62",42.76K,-0.57%
"Jul 25, 2019","3,786.25","3,796.90","3,793.34","3,766.34",48.89K,-0.28%
"Jul 24, 2019","3,796.90","3,818.06","3,847.73","3,793.96",113.07K,-0.55%
"Jul 23, 2019","3,818.06","3,822.76","3,852.52","3,804.27",99.00K,-0.12%
"Jul 22, 2019","3,822.76","3,757.51","3,848.91","3,801.93",192.74K,1.74%
"Jul 21, 2019","3,757.51","3,828.14","3,853.51","3,747.80",118.44K,-1.85%
"Jul 18, 2019","3,828.14","3,786.92","3,835.19","3,791.16",102.70K,1.09%
"Jul 17, 2019","3,786.92","3,784.65","3,804.75","3,783.56",98.99K,0.06%
"Jul 16, 2019","3,784.65","3,843.91","3,824.92","3,784.65",106.39K,-1.54%
"Jul 15, 2019","3,843.91","3,817.15","3,869.96","3,828.63",212.95K,0.70%
"Jul 14, 2019","3,817.15","3,831.83","3,867.39","3,807.24",248.05K,-0.38%
"Jul 11, 2019","3,831.83","3,874.14","3,889.41","3,783.89",420.05K,-1.09%
"Jul 10, 2019","3,874.14","3,790.56","3,889.94","3,790.34",384.04K,2.20%
"Jul 09, 2019","3,790.56","3,797.59","3,857.62","3,759.47",392.60K,-0.19%
"Jul 08, 2019","3,797.59","3,939.35","3,914.75","3,797.59",179.41K,-3.60%
"Jul 07, 2019","3,939.35","4,023.45","4,040.48","3,816.79",540.26K,-2.09%
"Jul 04, 2019","4,023.45","3,881.28","4,069.97","3,896.96",381.00K,3.66%
"Jul 03, 2019","3,881.28","3,813.52","3,885.44","3,812.43",225.65K,1.78%
"Jul 02, 2019","3,813.52","3,802.85","3,842.62","3,802.85",276.25K,0.28%
"Jul 01, 2019","3,802.85","3,808.22","3,833.87","3,777.79",219.48K,-0.14%
"Jun 30, 2019","3,808.22","3,716.15","3,854.23","3,712.45",506.99K,2.48%
"Jun 27, 2019","3,716.15","3,641.12","3,722.21","3,641.12",179.99K,2.06%
"Jun 26, 2019","3,641.12","3,673.52","3,682.39","3,640.63",192.70K,-0.88%
"Jun 25, 2019","3,673.52","3,654.17","3,692.87","3,650.07",114.08K,0.53%
"Jun 24, 2019","3,654.17","3,738.40","3,785.10","3,654.17",376.88K,-2.25%
"Jun 23, 2019","3,738.40","3,732.57","3,738.56","3,713.80",280.17K,0.16%
"Jun 20, 2019","3,732.57","3,649.44","3,732.57","3,661.16",109.49K,2.28%
"Jun 19, 2019","3,649.44","3,587.51","3,649.44","3,576.20",96.73K,1.73%
"Jun 18, 2019","3,587.51","3,587.74","3,599.61","3,584.57",225.12K,-0.01%
"Jun 17, 2019","3,587.74","3,571.27","3,587.91","3,541.59",154.94K,0.46%
"Jun 16, 2019","3,571.27","3,537.26","3,572.25","3,533.00",109.62K,0.96%
"Jun 13, 2019","3,537.26","3,548.31","3,562.99","3,525.62",208.88K,-0.31%
"Jun 12, 2019","3,548.31","3,419.59","3,554.82","3,419.59",197.35K,3.76%
"Jun 11, 2019","3,419.59","3,462.95","3,462.95","3,408.12",139.40K,-1.25%
"Jun 10, 2019","3,462.95","3,452.80","3,487.21","3,442.46",61.90K,0.29%
"Jun 09, 2019","3,452.80","3,474.69","3,479.52","3,438.78",60.74K,-0.63%
"May 30, 2019","3,474.69","3,435.74","3,483.24","3,388.02",161.46K,1.13%
"May 29, 2019","3,435.74","3,455.86","3,476.98","3,425.18",44.93K,-0.58%
"May 28, 2019","3,455.86","3,413.59","3,455.86","3,400.80",38.47K,1.24%
"May 27, 2019","3,413.59","3,464.47","3,464.47","3,410.72",26.55K,-1.47%
"May 26, 2019","3,464.47","3,431.13","3,467.33","3,415.00",24.37K,0.97%
"May 23, 2019","3,431.13","3,391.15","3,431.13","3,374.69",20.79K,1.18%
"May 22, 2019","3,391.15","3,368.02","3,411.99","3,384.14",53.21K,0.69%
"May 21, 2019","3,368.02","3,418.20","3,417.22","3,352.40",68.98K,-1.47%
"May 20, 2019","3,418.20","3,398.15","3,424.25","3,398.15",90.49K,0.59%
"May 19, 2019","3,398.15","3,489.57","3,489.57","3,398.15",91.56K,-2.62%
"May 16, 2019","3,489.57","3,442.64","3,489.57","3,462.11",141.35K,1.36%
"May 15, 2019","3,442.64","3,403.21","3,442.64","3,401.16",26.93K,1.16%
"May 14, 2019","3,403.21","3,424.31","3,433.83","3,403.21",89.53K,-0.62%
"May 13, 2019","3,424.31","3,493.30","3,493.30","3,394.29",145.99K,-1.97%
"May 12, 2019","3,493.30","3,508.74","3,513.14","3,493.30",46.92K,-0.44%
"May 09, 2019","3,508.74","3,474.15","3,517.15","3,479.18",39.04K,1.00%
"May 08, 2019","3,474.15","3,444.52","3,474.15","3,438.83",46.76K,0.86%
"May 07, 2019","3,444.52","3,478.47","3,478.47","3,430.09",126.33K,-0.98%
"May 06, 2019","3,478.47","3,574.77","3,575.48","3,474.90",66.52K,-2.69%
"May 05, 2019","3,574.77","3,577.04","3,604.69","3,569.47",90.99K,-0.06%
"May 02, 2019","3,577.04","3,586.28","3,586.28","3,576.39",44.34K,-0.26%
"May 01, 2019","3,586.28","3,587.88","3,587.91","3,552.71",88.68K,-0.04%
"Apr 30, 2019","3,587.88","3,565.75","3,587.88","3,561.83",102.03K,0.62%
"Apr 29, 2019","3,565.75","3,564.41","3,565.75","3,563.07",41.16K,0.04%
"Apr 28, 2019","3,564.41","3,551.24","3,578.02","3,557.46",111.85K,0.37%
"Apr 25, 2019","3,551.24","3,551.24","3,551.24","3,551.24",15.09K,0.00%
"Apr 24, 2019","3,551.24","3,541.79","3,552.88","3,541.79",98.95K,0.27%
"Apr 23, 2019","3,541.79","3,546.37","3,546.37","3,541.25",19.97K,-0.13%
"Apr 22, 2019","3,546.37","3,556.53","3,556.53","3,546.28",16.96K,-0.29%
"Apr 21, 2019","3,556.53","3,636.69","3,641.09","3,555.19",40.21K,-2.20%
"Apr 18, 2019","3,636.69","3,624.72","3,639.31","3,623.44",38.82K,0.33%
"Apr 17, 2019","3,624.72","3,620.95","3,628.84","3,614.93",73.26K,0.10%
"Apr 16, 2019","3,620.95","3,626.33","3,643.32","3,617.69",131.84K,-0.15%
"Apr 15, 2019","3,626.33","3,642.28","3,649.55","3,626.33",128.48K,-0.44%
"Apr 14, 2019","3,642.28","3,627.10","3,647.20","3,628.61",89.94K,0.42%
"Apr 11, 2019","3,627.10","3,568.86","3,627.10","3,572.06",62.26K,1.63%
"Apr 10, 2019","3,568.86","3,570.32","3,605.27","3,568.86",47.49K,-0.04%
"Apr 09, 2019","3,570.32","3,559.41","3,577.49","3,559.41",30.21K,0.31%
"Apr 08, 2019","3,559.41","3,561.38","3,585.49","3,557.36",117.80K,-0.06%
"Apr 07, 2019","3,561.38","3,604.82","3,604.82","3,561.38",150.05K,-1.21%
"Apr 04, 2019","3,604.82","3,610.58","3,620.26","3,604.82",53.95K,-0.16%
"Apr 03, 2019","3,610.58","3,678.84","3,676.55","3,610.58",105.92K,-1.86%
"Apr 02, 2019","3,678.84","3,692.18","3,690.38","3,666.54",67.31K,-0.36%
"Apr 01, 2019","3,692.18","3,694.42","3,705.54","3,691.63",45.24K,-0.06%
"Mar 31, 2019","3,694.42","3,708.39","3,708.39","3,641.98",117.49K,-0.38%
"Mar 28, 2019","3,708.39","3,650.18","3,708.39","3,644.09",138.57K,1.59%
"Mar 27, 2019","3,650.18","3,657.96","3,657.96","3,640.88",60.35K,-0.21%
"Mar 26, 2019","3,657.96","3,604.92","3,674.94","3,600.48",103.66K,1.47%
"Mar 25, 2019","3,604.92","3,614.51","3,619.69","3,587.02",57.24K,-0.27%
"Mar 24, 2019","3,614.51","3,660.68","3,704.83","3,585.74",114.77K,-1.05%
"Mar 21, 2019","3,652.69","3,667.98","3,669.54","3,652.69",86.71K,-0.42%
"Mar 20, 2019","3,667.98","3,691.76","3,693.31","3,660.01",151.07K,-0.64%
"Mar 19, 2019","3,691.76","3,681.96","3,698.80","3,681.37",65.52K,0.27%
"Mar 18, 2019","3,681.96","3,685.74","3,687.61","3,679.06",39.85K,-0.10%
"Mar 17, 2019","3,685.74","3,681.32","3,689.20","3,675.45",54.95K,0.12%
"Mar 14, 2019","3,681.32","3,684.49","3,689.53","3,679.45",51.70K,-0.09%
"Mar 13, 2019","3,684.49","3,688.79","3,691.41","3,675.93",81.16K,-0.12%
"Mar 12, 2019","3,688.79","3,747.95","3,747.95","3,686.98",85.16K,-1.58%
"Mar 11, 2019","3,747.95","3,766.43","3,767.61","3,742.56",72.46K,-0.49%
"Mar 10, 2019","3,766.43","3,734.42","3,792.01","3,731.55",71.63K,0.86%
"Mar 07, 2019","3,734.42","3,756.70","3,756.70","3,734.42",50.46K,-0.59%
"Mar 06, 2019","3,756.70","3,647.50","3,756.70","3,644.87",169.00K,2.99%
"Mar 05, 2019","3,647.50","3,650.68","3,662.41","3,647.50",39.27K,-0.09%
"Mar 04, 2019","3,650.68","3,657.04","3,660.78","3,633.20",137.61K,-0.17%
"Mar 03, 2019","3,657.04","3,592.87","3,670.42","3,592.87",140.03K,1.79%
"Feb 28, 2019","3,592.87","3,597.35","3,606.43","3,585.89",203.38K,-0.12%
"Feb 27, 2019","3,597.35","3,514.42","3,602.52","3,505.70",84.26K,2.36%
"Feb 26, 2019","3,514.42","3,485.29","3,515.61","3,485.29",88.56K,0.84%
"Feb 25, 2019","3,485.29","3,487.83","3,492.03","3,484.37",101.16K,-0.07%
"Feb 24, 2019","3,487.83","3,440.42","3,487.83","3,434.27",67.11K,1.38%
"Feb 21, 2019","3,440.42","3,453.74","3,458.88","3,440.42",48.81K,-0.39%
"Feb 20, 2019","3,453.74","3,425.74","3,455.36","3,417.41",62.83K,0.82%
"Feb 19, 2019","3,425.74","3,452.12","3,429.26","3,409.37",56.25K,-0.76%
"Feb 18, 2019","3,452.12","3,454.65","3,470.32","3,452.12",95.67K,-0.07%
"Feb 17, 2019","3,454.65","3,430.89","3,484.28","3,420.39",179.40K,0.69%
"Feb 14, 2019","3,430.89","3,445.11","3,445.11","3,298.94",92.53K,-0.41%
"Feb 13, 2019","3,445.11","3,275.97","3,445.89","3,249.63",442.60K,5.16%
"Feb 12, 2019","3,275.97","3,329.41","3,329.41","3,272.84",114.11K,-1.61%
"Feb 11, 2019","3,329.41","3,520.32","3,595.20","3,329.41",657.62K,-5.42%
"Feb 10, 2019","3,520.32","3,347.68","3,520.32","3,346.06",248.76K,5.16%
"Feb 07, 2019","3,347.68","3,201.47","3,347.68","3,182.36",187.83K,4.57%
"Feb 06, 2019","3,201.47","3,168.08","3,220.62","3,121.48",68.63K,1.05%
"Feb 05, 2019","3,168.08","3,160.54","3,175.72","3,160.45",76.75K,0.24%
"Feb 04, 2019","3,160.54","3,168.87","3,180.91","3,156.84",99.09K,-0.26%
"Feb 03, 2019","3,168.87","3,056.29","3,170.42","3,055.54",108.61K,3.68%
"Jan 31, 2019","3,056.29","2,987.75","3,080.21","2,987.75",130.59K,2.29%
"Jan 30, 2019","2,987.75","2,912.39","2,994.49","2,913.86",36.29K,2.59%
"Jan 29, 2019","2,912.39","2,816.50","2,912.39","2,813.39",83.23K,3.40%
"Jan 28, 2019","2,816.50","2,836.69","2,849.29","2,816.50",40.76K,-0.71%
"Jan 27, 2019","2,836.69","2,891.20","2,890.62","2,836.69",36.03K,-1.89%
"Jan 24, 2019","2,891.20","2,779.95","2,891.20","2,825.99",100.53K,4.00%
"Jan 23, 2019","2,779.95","2,810.90","2,810.90","2,779.95",100.67K,-1.10%
"Jan 22, 2019","2,810.90","2,845.11","2,851.77","2,810.11",41.56K,-1.20%
"Jan 21, 2019","2,845.11","2,824.89","2,888.56","2,822.03",102.38K,0.72%
"Jan 20, 2019","2,824.89","2,775.19","2,824.89","2,744.43",42.66K,1.79%
"Jan 17, 2019","2,775.19","2,740.78","2,775.87","2,733.72",108.93K,1.26%
"Jan 16, 2019","2,740.78","2,801.75","2,811.22","2,730.47",152.61K,-2.18%
"Jan 15, 2019","2,801.75","2,611.55","2,801.75","2,604.63",245.55K,7.28%
"Jan 14, 2019","2,611.55","2,599.06","2,618.52","2,573.59",381.23K,0.48%
"Jan 13, 2019","2,599.06","2,567.73","2,599.06","2,567.73",48.87K,1.22%
"Jan 10, 2019","2,567.73","2,575.51","2,568.21","2,554.04",44.00K,-0.30%
"Jan 09, 2019","2,575.51","2,548.49","2,575.51","2,547.36",60.14K,1.06%
"Jan 08, 2019","2,548.49","2,545.90","2,548.49","2,522.45",73.87K,0.10%
"Jan 07, 2019","2,545.90","2,548.58","2,553.30","2,522.33",98.74K,-0.11%
"Jan 06, 2019","2,548.58","2,565.53","2,565.53","2,516.44",62.46K,-0.66%
"Jan 03, 2019","2,565.53","2,567.56","2,568.81","2,538.19",192.39K,-0.08%
"Jan 02, 2019","2,567.56","2,517.01","2,567.56","2,505.43",141.98K,2.01%
"Jan 01, 2019","2,517.01","2,520.73","2,527.34","2,504.64",111.60K,-0.15%
"Dec 31, 2018","2,520.73","2,456.76","2,576.39","2,456.76",122.33K,2.60%
"Dec 30, 2018","2,456.76","2,441.65","2,459.37","2,409.10",86.79K,0.62%
"Dec 27, 2018","2,441.65","2,400.32","2,442.88","2,403.68",57.59K,1.72%
"Dec 26, 2018","2,400.32","2,414.00","2,445.16","2,394.23",127.75K,-0.57%
"Dec 25, 2018","2,414.00","2,376.49","2,415.20","2,366.79",48.86K,1.58%
"Dec 24, 2018","2,376.49","2,366.91","2,389.66","2,340.58",31.95K,0.40%
"Dec 23, 2018","2,366.91","2,400.25","2,418.21","2,366.91",48.77K,-1.39%
"Dec 20, 2018","2,400.25","2,481.32","2,488.19","2,368.71",186.06K,-3.27%
"Dec 19, 2018","2,481.32","2,489.45","2,542.58","2,481.32",104.77K,-0.33%
"Dec 18, 2018","2,489.45","2,545.91","2,519.80","2,488.28",161.69K,-2.22%
"Dec 17, 2018","2,545.91","2,542.37","2,591.51","2,532.95",256.18K,0.14%
"Dec 16, 2018","2,542.37","2,514.73","2,544.46","2,514.54",191.34K,1.10%
"Dec 13, 2018","2,514.73","2,443.21","2,554.89","2,452.36",333.09K,2.93%
"Dec 12, 2018","2,443.21","2,405.16","2,446.35","2,416.15",83.42K,1.58%
"Dec 11, 2018","2,405.16","2,409.38","2,445.68","2,387.86",125.70K,-0.18%
"Dec 10, 2018","2,409.38","2,424.84","2,460.66","2,409.38",139.83K,-0.64%
"Dec 09, 2018","2,424.84","2,415.94","2,429.02","2,415.94",63.39K,0.37%
"Dec 06, 2018","2,415.94","2,415.94","2,418.33","2,408.58",86.25K,0.00%
"Dec 05, 2018","2,415.94","2,420.03","2,430.00","2,402.91",78.06K,-0.17%
"Dec 04, 2018","2,420.03","2,421.65","2,421.65","2,418.84",109.04K,-0.07%
"Dec 03, 2018","2,421.65","2,402.30","2,439.38","2,401.91",321.19K,0.81%
"Dec 02, 2018","2,402.30","2,378.19","2,402.30","2,378.19",99.91K,1.01%
"Nov 29, 2018","2,378.19","2,392.91","2,399.01","2,366.00",61.13K,-0.62%
"Nov 28, 2018","2,392.91","2,355.14","2,392.91","2,355.88",52.20K,1.60%
"Nov 27, 2018","2,355.14","2,394.83","2,399.54","2,355.14",90.86K,-1.66%
"Nov 26, 2018","2,394.83","2,406.86","2,406.86","2,317.08",56.42K,-0.50%
"Nov 25, 2018","2,406.86","2,441.47","2,441.47","2,406.86",26.67K,-1.42%
"Nov 22, 2018","2,441.47","2,423.20","2,443.42","2,423.20",54.95K,0.75%
"Nov 21, 2018","2,423.20","2,425.21","2,429.99","2,417.00",38.26K,-0.08%
"Nov 20, 2018","2,425.21","2,429.15","2,426.56","2,419.12",26.33K,-0.16%
"Nov 19, 2018","2,429.15","2,426.21","2,430.72","2,426.21",15.62K,0.12%
"Nov 18, 2018","2,426.21","2,431.37","2,431.51","2,424.42",34.95K,-0.21%
"Nov 15, 2018","2,431.37","2,432.80","2,431.46","2,431.37",9.84K,-0.06%
"Nov 14, 2018","2,432.80","2,443.91","2,439.99","2,432.80",14.59K,-0.45%
"Nov 13, 2018","2,443.91","2,457.31","2,454.17","2,432.33",146.39K,-0.55%
"Nov 12, 2018","2,457.31","2,470.09","2,471.14","2,452.76",61.66K,-0.52%
"Nov 11, 2018","2,470.09","2,481.14","2,473.02","2,465.17",41.23K,-0.45%
"Nov 08, 2018","2,481.14","2,483.23","2,483.23","2,481.14",5.97K,-0.08%
"Nov 07, 2018","2,483.23","2,520.17","2,514.08","2,461.31",15.71K,-1.47%
"Nov 06, 2018","2,520.17","2,524.59","2,530.86","2,520.17",59.30K,-0.18%
"Nov 05, 2018","2,524.59","2,522.73","2,529.95","2,516.27",46.87K,0.07%
"Nov 04, 2018","2,522.73","2,519.21","2,535.86","2,507.61",176.72K,0.14%
"Nov 01, 2018","2,519.21","2,500.53","2,530.38","2,501.27",245.29K,0.75%
"Oct 31, 2018","2,500.53","2,560.34","2,560.34","2,500.49",70.81K,-2.34%
"Oct 30, 2018","2,560.34","2,559.30","2,560.34","2,560.34",20.85K,0.04%
"Oct 29, 2018","2,559.30","2,484.53","2,571.67","2,331.31",65.85K,3.01%
"Oct 28, 2018","2,484.53","2,423.21","2,484.53","2,424.83",76.54K,2.53%
"Oct 25, 2018","2,423.21","2,416.00","2,435.68","2,419.98",41.64K,0.30%
"Oct 24, 2018","2,416.00","2,310.30","2,416.69","2,310.30",42.27K,4.58%
"Oct 23, 2018","2,310.30","2,394.17","2,394.17","2,292.42",50.34K,-3.50%
"Oct 22, 2018","2,394.17","2,313.26","2,394.17","2,195.75",64.35K,3.50%
"Oct 21, 2018","2,313.26","2,386.49","2,386.49","2,310.71",14.64K,-3.07%
"Oct 18, 2018","2,386.49","2,318.34","2,386.49","2,318.34",62.19K,2.94%
"Oct 17, 2018","2,318.34","2,313.55","2,328.51","2,298.37",106.67K,0.21%
"Oct 16, 2018","2,313.55","2,373.19","2,377.35","2,313.55",58.13K,-2.51%
"Oct 15, 2018","2,373.19","2,396.74","2,402.83","2,370.25",67.24K,-0.98%
"Oct 14, 2018","2,396.74","2,430.73","2,430.73","2,396.74",107.56K,-1.40%
"Oct 11, 2018","2,430.73","2,535.55","2,506.82","2,420.01",117.05K,-4.13%
"Oct 10, 2018","2,535.55","2,502.95","2,535.55","2,479.23",20.67K,1.30%
"Oct 09, 2018","2,502.95","2,479.90","2,502.95","2,479.26",76.68K,0.93%
"Oct 08, 2018","2,479.90","2,468.97","2,484.26","2,462.31",129.48K,0.44%
"Oct 07, 2018","2,468.97","2,609.31","2,501.58","2,441.72",79.13K,-5.38%
"Oct 04, 2018","2,609.31","2,598.66","2,610.12","2,590.13",35.24K,0.41%
"Oct 03, 2018","2,598.66","2,581.51","2,598.66","2,580.71",17.23K,0.66%
"Oct 02, 2018","2,581.51","2,582.93","2,584.59","2,581.51",72.46K,-0.05%
"Oct 01, 2018","2,582.93","2,574.64","2,582.93","2,575.62",23.20K,0.32%
"Sep 30, 2018","2,574.64","2,595.30","2,591.51","2,569.62",52.24K,-0.80%
"Sep 27, 2018","2,595.30","2,622.16","2,625.47","2,589.33",95.19K,-1.02%
"Sep 26, 2018","2,622.16","2,569.33","2,622.16","2,570.20",56.91K,2.06%
"Sep 25, 2018","2,569.33","2,585.46","2,601.29","2,567.53",63.05K,-0.62%
"Sep 20, 2018","2,585.46","2,601.16","2,585.46","2,484.90",107.28K,-0.60%
"Sep 19, 2018","2,601.16","2,550.89","2,601.16","2,580.77",50.63K,1.97%
"Sep 18, 2018","2,550.89","2,497.34","2,571.10","2,479.23",45.66K,2.14%
"Sep 17, 2018","2,497.34","2,499.50","2,522.03","2,489.40",33.40K,-0.09%
"Sep 16, 2018","2,499.50","2,592.14","2,595.57","2,499.50",61.85K,-3.57%
"Sep 13, 2018","2,592.14","2,520.44","2,592.14","2,592.14",4.14K,2.84%
"Sep 12, 2018","2,520.44","2,583.17","2,700.20","2,517.82",285.60K,-2.43%
"Sep 11, 2018","2,583.17","2,580.10","2,583.17","2,580.10",32.24K,0.12%
"Sep 10, 2018","2,580.10","2,565.72","2,580.32","2,577.28",22.24K,0.56%
"Sep 09, 2018","2,565.72","2,567.24","2,571.30","2,562.03",151.55K,-0.06%
"Sep 06, 2018","2,567.24","2,620.87","2,570.44","2,567.24",36.84K,-2.05%
"Sep 05, 2018","2,620.87","2,655.57","2,656.54","2,528.26",161.60K,-1.31%
"Sep 04, 2018","2,655.57","2,676.07","2,677.06","2,655.57",34.78K,-0.77%
"Sep 03, 2018","2,676.07","2,688.87","2,683.88","2,655.68",30.55K,-0.48%
"Sep 02, 2018","2,688.87","2,691.21","2,694.56","2,685.09",235.16K,-0.09%
"Aug 30, 2018","2,691.21","2,685.35","2,701.58","2,659.76",97.39K,0.22%
"Aug 29, 2018","2,685.35","2,687.13","2,687.13","2,684.18",23.56K,-0.07%
"Aug 28, 2018","2,687.13","2,659.57","2,690.69","2,660.55",152.67K,1.04%
"Aug 27, 2018","2,659.57","2,599.52","2,663.65","2,653.19",54.67K,2.31%
"Aug 26, 2018","2,599.52","2,626.51","2,626.51","2,598.85",69.40K,-1.07%
"Aug 16, 2018","2,627.51","2,586.62","2,674.28","2,588.06",139.39K,1.58%
"Aug 15, 2018","2,586.62","2,584.75","2,590.34","2,580.02",95.28K,0.07%
"Aug 14, 2018","2,584.75","2,623.36","2,623.36","2,574.88",150.63K,-1.47%
"Aug 13, 2018","2,623.36","2,807.10","2,804.67","2,464.37",164.81K,-6.55%
"Aug 12, 2018","2,807.10","2,805.01","2,807.89","2,795.87",74.76K,0.07%
"Aug 09, 2018","2,805.01","2,830.32","2,830.32","2,805.01",69.84K,-0.89%
"Aug 08, 2018","2,830.32","2,805.89","2,830.32","2,808.08",135.67K,0.87%
"Aug 07, 2018","2,805.89","2,817.58","2,820.06","2,801.30",53.75K,-0.41%
"Aug 06, 2018","2,817.58","2,837.27","2,836.80","2,814.09",67.19K,-0.69%
"Aug 05, 2018","2,837.27","2,807.02","2,838.48","2,801.96",33.47K,1.08%
"Aug 02, 2018","2,807.02","2,788.57","2,807.02","2,788.57",54.28K,0.66%
"Aug 01, 2018","2,788.57","2,777.95","2,788.57","2,776.38",34.03K,0.38%
"Jul 31, 2018","2,777.95","2,768.52","2,777.95","2,765.90",75.17K,0.34%
"Jul 30, 2018","2,768.52","2,763.34","2,768.52","2,754.13",26.55K,0.19%
"Jul 29, 2018","2,763.34","2,759.20","2,763.34","2,759.20",9.89K,0.15%
"Jul 26, 2018","2,759.20","2,771.68","2,768.77","2,759.20",27.31K,-0.45%
"Jul 25, 2018","2,771.68","2,767.99","2,771.68","2,762.66",104.37K,0.13%
"Jul 24, 2018","2,767.99","2,787.62","2,790.65","2,766.77",71.10K,-0.70%
"Jul 23, 2018","2,787.62","2,832.53","2,840.30","2,787.49",83.40K,-1.59%
"Jul 22, 2018","2,832.53","2,791.60","2,832.53","2,830.44",42.66K,1.47%
"Jul 19, 2018","2,791.60","2,843.96","2,903.71","2,782.48",75.36K,-1.84%
"Jul 18, 2018","2,843.96","2,871.97","2,872.06","2,842.62",71.68K,-0.98%
"Jul 17, 2018","2,871.97","2,845.98","2,872.06","2,845.98",41.85K,0.91%
"Jul 16, 2018","2,845.98","2,850.03","2,846.89","2,834.82",38.02K,-0.14%
"Jul 15, 2018","2,850.03","2,846.12","2,852.21","2,846.12",31.49K,0.14%
"Jul 12, 2018","2,846.12","2,843.90","2,849.77","2,843.90",40.83K,0.08%
"Jul 11, 2018","2,843.90","2,888.46","2,889.51","2,818.34",321.61K,-1.54%
"Jul 10, 2018","2,888.46","2,851.68","2,888.46","2,851.68",39.98K,1.29%
"Jul 09, 2018","2,851.68","2,878.29","2,891.69","2,851.68",187.95K,-0.92%
"Jul 08, 2018","2,878.29","2,960.44","2,949.46","2,877.25",594.92K,-2.77%
"Jul 05, 2018","2,960.44","2,965.43","2,977.44","2,923.32",552.92K,-0.17%
"Jul 04, 2018","2,965.43","2,955.17","2,965.43","2,954.51",95.09K,0.35%
"Jul 03, 2018","2,955.17","2,938.72","2,963.71","2,938.72",99.48K,0.56%
"Jul 02, 2018","2,938.72","2,972.53","2,975.19","2,917.11",338.04K,-1.14%
"Jul 01, 2018","2,972.53","3,016.06","3,011.90","2,972.25",69.13K,-1.44%
"Jun 28, 2018","3,016.06","3,068.45","3,052.27","3,009.72",144.54K,-1.71%
"Jun 27, 2018","3,068.45","3,083.56","3,092.72","3,055.54",102.42K,-0.49%
"Jun 26, 2018","3,083.56","3,083.73","3,083.73","3,049.06",79.58K,-0.01%
"Jun 25, 2018","3,083.73","3,120.24","3,120.24","3,067.54",291.66K,-1.17%
"Jun 24, 2018","3,120.24","3,086.82","3,131.52","3,089.54",66.83K,1.08%
"Jun 21, 2018","3,086.82","3,110.97","3,108.44","3,085.81",19.61K,-0.78%
"Jun 20, 2018","3,110.97","3,113.77","3,113.77","3,110.97",17.16K,-0.09%
"Jun 12, 2018","3,113.77","3,065.68","3,132.01","3,065.68",35.23K,1.57%
"Jun 11, 2018","3,065.68","3,064.33","3,065.68","3,064.33",14.35K,0.04%
"Jun 10, 2018","3,064.33","3,091.06","3,092.41","3,064.33",18.95K,-0.86%
"Jun 07, 2018","3,091.06","3,081.73","3,091.06","3,074.64",35.75K,0.30%
"Jun 06, 2018","3,081.73","3,070.23","3,081.73","3,016.89",443.18K,0.37%
"Jun 05, 2018","3,070.23","3,093.10","3,104.33","3,070.23",61.69K,-0.74%
"Jun 04, 2018","3,093.10","3,094.25","3,107.47","3,093.10",449.24K,-0.04%
"Jun 03, 2018","3,094.25","3,077.38","3,094.25","3,077.38",32.60K,0.55%
"May 31, 2018","3,077.38","3,035.60","3,077.38","2,994.56",52.36K,1.38%
"May 30, 2018","3,035.60","3,065.58","3,070.98","3,023.37",83.34K,-0.98%
"May 29, 2018","3,065.58","3,007.70","3,148.06","3,007.70",74.72K,1.92%
"May 28, 2018","3,007.70","3,106.43","3,110.61","3,007.70",44.48K,-3.18%
"May 27, 2018","3,106.43","3,046.35","3,106.43","3,046.35",33.19K,1.97%
"May 24, 2018","3,046.35","3,042.21","3,057.31","3,017.29",691.62K,0.14%
"May 23, 2018","3,042.21","3,074.14","3,094.99","3,042.21",198.52K,-1.04%
"May 22, 2018","3,074.14","3,083.98","3,093.81","3,067.70",22.11K,-0.32%
"May 21, 2018","3,083.98","3,111.78","3,105.58","3,082.46",72.56K,-0.89%
"May 20, 2018","3,111.78","3,050.79","3,111.78","3,064.78",89.82K,2.00%
"May 17, 2018","3,050.79","3,064.96","3,051.80","3,050.79",22.62K,-0.46%
"May 16, 2018","3,064.96","3,068.25","3,064.96","3,064.96",12.35K,-0.11%
"May 15, 2018","3,068.25","3,105.60","3,105.68","3,068.25",25.12K,-1.20%
"May 14, 2018","3,105.60","3,109.07","3,109.33","3,097.99",60.17K,-0.11%
"May 13, 2018","3,109.07","3,044.55","3,109.07","3,036.13",15.89K,2.12%
"May 10, 2018","3,044.55","3,036.54","3,048.02","3,033.98",38.71K,0.26%
"May 09, 2018","3,036.54","3,120.79","3,129.12","3,035.16",60.42K,-2.70%
"May 08, 2018","3,120.79","3,152.06","3,152.06","3,067.45",22.02K,-0.99%
"May 07, 2018","3,152.06","3,135.99","3,177.39","3,123.74",44.52K,0.51%
"May 06, 2018","3,135.99","3,178.98","3,148.10","3,133.60",30.00K,-1.35%
"May 03, 2018","3,178.98","3,203.32","3,207.68","3,178.23",202.90K,-0.76%
"May 02, 2018","3,203.32","3,256.24","3,256.24","3,201.30",55.31K,-1.63%
"May 01, 2018","3,256.24","3,250.82","3,296.33","3,238.16",65.25K,0.17%
"Apr 30, 2018","3,250.82","3,229.01","3,250.82","3,229.01",253.69K,0.68%
"Apr 29, 2018","3,229.01","3,251.20","3,248.66","3,199.94",65.01K,-0.68%
"Apr 26, 2018","3,251.20","3,213.14","3,251.20","3,201.85",77.42K,1.18%
"Apr 25, 2018","3,213.14","3,182.99","3,214.98","3,182.94",31.73K,0.95%
"Apr 24, 2018","3,182.99","3,180.03","3,182.99","3,169.74",58.40K,0.09%
"Apr 23, 2018","3,180.03","3,169.54","3,180.03","3,155.32",46.41K,0.33%
"Apr 22, 2018","3,169.54","3,167.63","3,184.40","3,164.09",41.68K,0.06%
"Apr 19, 2018","3,167.63","3,192.39","3,192.39","3,166.74",61.36K,-0.78%
"Apr 18, 2018","3,192.39","3,173.51","3,192.39","3,138.56",212.54K,0.59%
"Apr 17, 2018","3,173.51","3,171.27","3,213.82","3,133.66",141.29K,0.07%
"Apr 16, 2018","3,171.27","3,048.36","3,212.41","3,032.38",365.24K,4.03%
"Apr 15, 2018","3,048.36","3,027.18","3,049.62","3,028.11",44.49K,0.70%
"Apr 12, 2018","3,027.18","2,980.97","3,027.18","2,971.16",26.22K,1.55%
"Apr 11, 2018","2,980.97","3,055.15","3,096.59","2,980.97",399.50K,-2.43%
"Apr 10, 2018","3,055.15","2,920.37","3,055.15","2,921.21",81.33K,4.62%
"Apr 09, 2018","2,920.37","2,922.55","2,967.47","2,919.06",17.71K,-0.07%
"Apr 08, 2018","2,922.55","2,913.69","2,931.02","2,921.43",47.01K,0.30%
"Apr 05, 2018","2,913.69","2,879.15","2,913.69","2,876.16",43.62K,1.20%
"Apr 04, 2018","2,879.15","2,894.89","2,939.29","2,879.15",63.40K,-0.54%
"Apr 03, 2018","2,894.89","2,936.73","2,936.73","2,860.84",66.84K,-1.42%
"Apr 02, 2018","2,936.73","2,912.95","2,936.73","2,852.43",112.57K,0.82%
"Apr 01, 2018","2,912.95","2,951.50","2,951.56","2,846.13",148.37K,-1.31%
"Mar 29, 2018","2,951.50","2,994.29","3,057.82","2,931.15",162.37K,-1.43%
"Mar 28, 2018","2,994.29","2,976.86","2,994.29","2,961.67",75.67K,0.59%
"Mar 27, 2018","2,976.86","2,986.40","2,999.67","2,976.86",60.30K,-0.32%
"Mar 26, 2018","2,986.40","2,986.23","2,989.63","2,978.58",104.54K,0.01%
"Mar 25, 2018","2,986.23","2,979.09","2,989.62","2,974.11",36.85K,0.24%
"Mar 22, 2018","2,979.09","2,976.71","2,990.08","2,977.67",56.33K,0.08%
"Mar 21, 2018","2,976.71","3,021.91","2,988.50","2,967.35",40.93K,-1.50%
"Mar 20, 2018","3,021.91","3,022.90","3,021.91","3,011.59",44.67K,-0.03%
"Mar 19, 2018","3,022.90","3,020.36","3,024.23","3,020.36",53.52K,0.08%
"Mar 18, 2018","3,020.36","3,023.31","3,021.91","2,987.32",172.83K,-0.10%
"Mar 15, 2018","3,023.31","3,020.99","3,040.01","3,008.31",46.21K,0.08%
"Mar 14, 2018","3,020.99","3,099.69","3,099.69","3,004.97",92.27K,-2.54%
"Mar 13, 2018","3,099.69","3,113.25","3,113.63","3,099.69",59.78K,-0.44%
"Mar 12, 2018","3,113.25","3,109.51","3,116.02","3,109.51",120.81K,0.12%
"Mar 11, 2018","3,109.51","3,117.21","3,116.01","3,099.51",105.34K,-0.25%
"Mar 08, 2018","3,117.21","3,110.22","3,139.43","3,105.93",123.92K,0.22%
"Mar 07, 2018","3,110.22","3,136.95","3,136.95","3,104.79",68.09K,-0.85%
"Mar 06, 2018","3,136.95","3,122.30","3,145.98","3,119.25",64.33K,0.47%
"Mar 05, 2018","3,122.30","3,155.54","3,165.33","3,121.08",105.89K,-1.05%
"Mar 04, 2018","3,155.54","3,158.45","3,201.82","3,155.54",29.76K,-0.09%
"Mar 01, 2018","3,158.45","3,157.67","3,204.44","3,144.30",43.74K,0.02%
"Feb 28, 2018","3,157.67","3,048.66","3,329.31","3,048.66",186.29K,3.58%
"Feb 27, 2018","3,048.66","3,040.88","3,052.53","3,040.88",47.50K,0.26%
"Feb 26, 2018","3,040.88","3,070.12","3,070.12","3,040.88",47.12K,-0.95%
"Feb 25, 2018","3,070.12","3,047.77","3,070.29","3,044.99",94.91K,0.73%
"Feb 22, 2018","3,047.77","3,095.25","3,095.25","3,047.77",56.16K,-1.53%
"Feb 21, 2018","3,095.25","3,042.91","3,108.73","3,042.91",90.80K,1.72%
"Feb 20, 2018","3,042.91","3,055.62","3,072.93","3,040.80",53.93K,-0.42%
"Feb 19, 2018","3,055.62","3,086.76","3,082.61","3,053.17",30.63K,-1.01%
"Feb 18, 2018","3,086.76","3,092.09","3,099.41","3,082.59",108.27K,-0.17%
"Feb 15, 2018","3,092.09","3,090.64","3,110.11","3,088.17",121.89K,0.05%
"Feb 14, 2018","3,090.64","3,083.71","3,134.11","3,069.64",178.43K,0.22%
"Feb 13, 2018","3,083.71","2,993.66","3,083.71","2,993.35",48.03K,3.01%
"Feb 12, 2018","2,993.66","2,985.00","2,999.09","2,985.00",143.28K,0.29%
"Feb 11, 2018","2,985.00","2,992.28","2,991.83","2,985.00",80.81K,-0.24%
"Feb 08, 2018","2,992.28","2,997.16","3,001.02","2,991.43",70.81K,-0.16%
"Feb 07, 2018","2,997.16","3,034.24","3,030.65","2,997.16",75.57K,-1.22%
"Feb 06, 2018","3,034.24","3,086.07","3,086.07","3,023.92",101.61K,-1.68%
"Feb 05, 2018","3,086.07","3,062.92","3,086.07","3,053.93",154.85K,0.76%
"Feb 04, 2018","3,062.92","3,067.63","3,064.00","3,060.67",59.28K,-0.15%
"Feb 01, 2018","3,067.63","3,005.08","3,074.88","3,005.08",34.05K,2.08%
"Jan 31, 2018","3,005.08","3,065.26","3,008.46","2,989.07",51.31K,-1.96%
"Jan 30, 2018","3,065.26","3,067.78","3,065.26","3,056.77",27.82K,-0.08%
"Jan 29, 2018","3,067.78","3,058.61","3,080.79","2,974.25",151.64K,0.30%
"Jan 28, 2018","3,058.61","3,097.52","3,096.33","3,054.95",148.37K,-1.26%
"Jan 25, 2018","3,097.52","3,060.55","3,098.98","3,059.94",26.78K,1.21%
"Jan 24, 2018","3,060.55","3,019.63","3,069.89","3,019.63",48.23K,1.36%
"Jan 23, 2018","3,019.63","3,068.42","3,068.42","3,011.57",32.73K,-1.59%
"Jan 22, 2018","3,068.42","3,083.84","3,075.89","3,068.42",39.23K,-0.50%
"Jan 21, 2018","3,083.84","3,090.97","3,085.98","3,066.10",78.30K,-0.23%
"Jan 18, 2018","3,090.97","3,084.21","3,111.19","3,084.00",77.02K,0.22%
"Jan 17, 2018","3,084.21","3,071.20","3,084.70","3,070.02",123.94K,0.42%
"Jan 16, 2018","3,071.20","3,072.62","3,072.62","3,069.57",33.74K,-0.05%
"Jan 15, 2018","3,072.62","3,029.66","3,122.74","3,029.14",58.23K,1.42%
"Jan 14, 2018","3,029.66","3,019.75","3,029.66","3,012.13",42.02K,0.33%
"Jan 11, 2018","3,019.75","3,036.68","3,048.32","3,015.06",85.28K,-0.56%
"Jan 10, 2018","3,036.68","3,023.02","3,039.04","3,022.33",27.28K,0.45%
"Jan 09, 2018","3,023.02","3,125.84","3,125.84","3,023.02",60.81K,-3.29%
"Jan 08, 2018","3,125.84","3,172.12","3,173.02","3,079.34",49.30K,-1.46%
"Jan 07, 2018","3,172.12","3,066.80","3,174.09","3,066.80",82.58K,3.43%
"Jan 04, 2018","3,066.80","3,049.66","3,066.80","3,049.22",106.42K,0.56%
"Jan 03, 2018","3,049.66","3,100.16","3,097.04","3,049.66",64.38K,-1.63%
"Jan 02, 2018","3,100.16","3,104.16","3,100.16","3,089.14",53.97K,-0.13%
"Jan 01, 2018","3,104.16","3,140.01","3,140.01","3,103.28",66.92K,-1.14%
"Dec 31, 2017","3,140.01","3,189.29","3,194.41","3,138.78",67.87K,-1.55%
"Dec 28, 2017","3,189.29","3,241.22","3,306.07","3,133.67",210.37K,-1.60%
"Dec 27, 2017","3,241.22","3,259.79","3,259.79","3,230.43",102.77K,-0.57%
"Dec 26, 2017","3,259.79","3,101.56","3,400.79","3,102.15",598.03K,5.10%
"Dec 25, 2017","3,101.56","3,109.37","3,109.37","3,095.57",106.58K,-0.25%
"Dec 24, 2017","3,109.37","3,101.88","3,109.37","3,101.45",57.29K,0.24%
"Dec 21, 2017","3,101.88","3,094.26","3,107.88","3,101.56",89.55K,0.25%
"Dec 20, 2017","3,094.26","3,097.02","3,136.86","3,082.10",76.96K,-0.09%
"Dec 19, 2017","3,097.02","3,062.24","3,099.05","3,062.54",150.79K,1.14%
"Dec 18, 2017","3,062.24","3,071.54","3,086.37","3,046.31",180.56K,-0.30%
"Dec 17, 2017","3,071.54","3,060.53","3,092.89","3,063.74",84.69K,0.36%
"Dec 14, 2017","3,060.53","3,066.56","3,065.97","3,060.29",97.83K,-0.20%
"Dec 13, 2017","3,066.56","3,031.55","3,066.56","3,031.55",65.68K,1.15%
"Dec 12, 2017","3,031.55","2,983.93","3,038.19","2,982.28",218.91K,1.60%
"Dec 11, 2017","2,983.93","2,978.51","3,000.48","2,978.51",87.49K,0.18%
"Dec 10, 2017","2,978.51","2,979.80","3,045.48","2,975.33",251.81K,-0.04%
"Dec 07, 2017","2,979.80","3,129.00","3,129.00","2,973.28",85.58K,-4.77%
"Dec 06, 2017","3,129.00","3,066.43","3,129.94","3,066.43",20.23K,2.04%
"Dec 05, 2017","3,066.43","3,054.46","3,066.43","3,054.46",18.81K,0.39%
"Dec 04, 2017","3,054.46","2,971.25","3,054.46","2,969.03",29.32K,2.80%
"Dec 03, 2017","2,971.25","2,933.92","2,971.25","2,932.21",102.66K,1.27%
"Nov 30, 2017","2,933.92","2,999.35","3,043.74","2,930.67",141.50K,-2.18%
"Nov 29, 2017","2,999.35","2,863.99","3,000.55","2,864.38",48.85K,4.73%
"Nov 28, 2017","2,863.99","2,909.49","2,909.49","2,861.36",87.04K,-1.56%
"Nov 27, 2017","2,909.49","2,904.41","2,911.90","2,903.58",113.97K,0.17%
"Nov 26, 2017","2,904.41","2,903.04","2,905.74","2,901.19",66.71K,0.05%
"Nov 23, 2017","2,903.04","2,908.14","2,905.67","2,899.05",75.86K,-0.18%
"Nov 22, 2017","2,908.14","2,946.62","2,946.62","2,908.14",85.44K,-1.31%
"Nov 21, 2017","2,946.62","2,972.12","3,001.51","2,946.62",44.29K,-0.86%
"Nov 20, 2017","2,972.12","2,981.78","2,981.78","2,971.45",215.67K,-0.32%
"Nov 19, 2017","2,981.78","2,991.35","2,991.35","2,978.38",51.18K,-0.32%
"Nov 16, 2017","2,991.35","3,006.60","3,007.01","2,991.35",86.38K,-0.51%
"Nov 15, 2017","3,006.60","3,006.76","3,010.70","3,006.60",49.12K,-0.01%
"Nov 14, 2017","3,006.76","3,004.63","3,008.22","3,003.86",62.77K,0.07%
"Nov 13, 2017","3,004.63","3,007.95","3,007.95","3,004.63",31.26K,-0.11%
"Nov 12, 2017","3,007.95","2,973.07","3,007.95","2,906.94",120.00K,1.17%
"Nov 09, 2017","2,973.07","2,981.67","2,986.28","2,973.07",130.62K,-0.29%
"Nov 08, 2017","2,981.67","2,989.23","3,035.11","2,979.90",108.30K,-0.25%
"Nov 07, 2017","2,989.23","3,027.03","3,037.00","2,976.32",145.55K,-1.25%
"Nov 06, 2017","3,027.03","3,056.25","3,057.15","3,027.03",90.58K,-0.96%
"Nov 05, 2017","3,056.25","3,121.41","3,134.38","3,051.15",57.61K,-2.09%
"Nov 02, 2017","3,121.41","3,242.82","3,258.20","3,121.11",31.61K,-3.74%
"Nov 01, 2017","3,242.82","3,107.45","3,242.82","3,103.47",120.12K,4.36%
"Oct 31, 2017","3,107.45","3,096.30","3,114.71","3,096.30",77.63K,0.36%
"Oct 30, 2017","3,096.30","3,190.28","3,191.52","3,091.31",22.61K,-2.95%
"Oct 29, 2017","3,190.28","3,191.84","3,207.93","3,174.53",50.39K,-0.05%
"Oct 26, 2017","3,191.84","3,010.05","3,206.12","3,002.99",151.97K,6.04%
"Oct 25, 2017","3,010.05","3,010.22","3,010.22","3,006.88",10.19K,-0.01%
"Oct 24, 2017","3,010.22","3,002.98","3,010.96","3,000.25",28.12K,0.24%
"Oct 23, 2017","3,002.98","3,056.69","3,023.39","3,002.98",32.79K,-1.76%
"Oct 22, 2017","3,056.69","3,017.45","3,056.69","3,017.45",42.44K,1.30%
"Oct 19, 2017","3,017.45","2,950.54","3,017.45","2,947.06",15.67K,2.27%
"Oct 18, 2017","2,950.54","3,011.92","3,020.23","2,950.54",158.88K,-2.04%
"Oct 17, 2017","3,011.92","3,029.65","3,029.65","3,010.30",36.68K,-0.59%
"Oct 16, 2017","3,029.65","2,970.39","3,030.52","3,027.23",14.89K,2.00%
"Oct 15, 2017","2,970.39","3,063.62","3,068.12","2,970.39",67.37K,-3.04%
"Oct 12, 2017","3,063.62","3,132.63","3,139.84","3,038.74",101.80K,-2.20%
"Oct 11, 2017","3,132.63","3,175.77","3,175.77","3,132.63",39.41K,-1.36%
"Oct 10, 2017","3,175.77","3,176.64","3,273.50","3,139.90",42.78K,-0.03%
"Oct 09, 2017","3,176.64","3,185.29","3,187.55","3,097.37",17.77K,-0.27%
"Oct 08, 2017","3,185.29","3,200.41","3,201.01","3,185.29",80.30K,-0.47%
"Oct 05, 2017","3,200.41","3,329.68","3,249.52","3,190.15",71.10K,-3.88%
"Oct 04, 2017","3,329.68","3,335.01","3,334.91","3,325.78",40.50K,-0.16%
"Oct 03, 2017","3,335.01","3,332.45","3,335.45","3,332.45",53.56K,0.08%
"Oct 02, 2017","3,332.45","3,347.08","3,347.08","3,332.45",33.08K,-0.44%
"Oct 01, 2017","3,347.08","3,362.91","3,370.32","3,347.08",76.46K,-0.47%
"Sep 28, 2017","3,362.91","3,378.40","3,379.39","3,341.81",41.61K,-0.46%
"Sep 27, 2017","3,378.40","3,416.63","3,416.63","3,344.30",59.51K,-1.12%
"Sep 26, 2017","3,416.63","3,437.98","3,448.36","3,416.63",27.24K,-0.62%
"Sep 25, 2017","3,437.98","3,439.26","3,439.26","3,437.95",185.78K,-0.04%
"Sep 21, 2017","3,439.26","3,439.26","3,473.59","3,439.26",34.13K,0.00%
"Sep 20, 2017","3,439.26","3,420.54","3,447.70","3,438.30",29.81K,0.55%
"Sep 19, 2017","3,420.54","3,432.36","3,446.86","3,386.21",135.28K,-0.34%
"Sep 18, 2017","3,432.36","3,422.22","3,432.36","3,407.56",60.40K,0.30%
"Sep 17, 2017","3,422.22","3,392.60","3,449.80","3,403.00",64.20K,0.87%
"Sep 14, 2017","3,392.60","3,385.89","3,392.60","3,372.34",44.34K,0.20%
"Sep 13, 2017","3,385.89","3,488.62","3,485.52","3,372.08",94.36K,-2.94%
"Sep 12, 2017","3,488.62","3,502.74","3,648.99","3,486.51",25.54K,-0.40%
"Sep 11, 2017","3,502.74","3,485.09","3,520.34","3,451.77",85.28K,0.51%
"Sep 10, 2017","3,485.09","3,481.33","3,513.70","3,473.65",40.27K,0.11%
"Sep 07, 2017","3,481.33","3,487.26","3,488.19","3,481.33",5.40K,-0.17%
"Sep 06, 2017","3,487.26","3,478.17","3,508.85","3,477.14",44.96K,0.26%
"Aug 29, 2017","3,478.17","3,511.76","3,525.11","3,478.17",56.21K,-0.96%
"Aug 28, 2017","3,511.76","3,540.74","3,561.84","3,509.73",40.14K,-0.82%
"Aug 27, 2017","3,540.74","3,515.65","3,540.95","3,515.65",44.93K,0.71%
"Aug 24, 2017","3,515.65","3,518.40","3,533.91","3,505.09",101.18K,-0.08%
"Aug 23, 2017","3,518.40","3,508.24","3,518.40","3,503.77",26.36K,0.29%
"Aug 22, 2017","3,508.24","3,487.51","3,508.24","3,475.30",37.18K,0.59%
"Aug 21, 2017","3,487.51","3,502.54","3,502.54","3,477.79",60.97K,-0.43%
"Aug 20, 2017","3,502.54","3,429.23","3,502.54","3,430.60",31.53K,2.14%
"Aug 17, 2017","3,429.23","3,399.71","3,438.99","3,397.97",100.10K,0.87%
"Aug 16, 2017","3,399.71","3,377.78","3,429.13","3,375.88",17.85K,0.65%
"Aug 15, 2017","3,377.78","3,394.95","3,402.90","3,373.76",80.87K,-0.51%
"Aug 14, 2017","3,394.95","3,407.62","3,456.78","3,382.28",72.24K,-0.37%
"Aug 13, 2017","3,407.62","3,440.84","3,456.86","3,385.05",113.77K,-0.97%
"Aug 10, 2017","3,440.84","3,650.94","3,647.89","3,440.84",395.11K,-5.75%
"Aug 09, 2017","3,650.94","3,649.98","3,693.18","3,605.72",141.97K,0.03%
"Aug 08, 2017","3,649.98","3,673.83","3,744.92","3,644.35",68.11K,-0.65%
"Aug 07, 2017","3,673.83","3,673.81","3,676.86","3,673.83",4.68K,0.00%
"Aug 06, 2017","3,673.81","3,669.31","3,691.98","3,666.15",19.01K,0.12%
"Aug 03, 2017","3,669.31","3,656.64","3,669.31","3,658.55",42.60K,0.35%
"Aug 02, 2017","3,656.64","3,718.79","3,713.63","3,656.41",20.36K,-1.67%
"Aug 01, 2017","3,718.79","3,760.51","3,758.79","3,716.89",16.14K,-1.11%
"Jul 31, 2017","3,760.51","3,778.39","3,790.19","3,685.10",25.14K,-0.47%
"Jul 30, 2017","3,778.39","3,753.18","3,783.31","3,753.18",19.95K,0.67%
"Jul 27, 2017","3,753.18","3,655.37","3,773.84","3,656.32",41.71K,2.68%
"Jul 26, 2017","3,655.37","3,685.02","3,685.02","3,640.53",25.69K,-0.80%
"Jul 25, 2017","3,685.02","3,664.61","3,689.62","3,664.61",6.32K,0.56%
"Jul 24, 2017","3,664.61","3,606.35","3,664.61","3,607.42",41.21K,1.62%
"Jul 23, 2017","3,606.35","3,645.95","3,687.25","3,606.35",15.66K,-1.09%
"Jul 20, 2017","3,645.95","3,593.42","3,650.88","3,576.61",103.47K,1.46%
"Jul 19, 2017","3,593.42","3,619.10","3,616.99","3,593.42",25.66K,-0.71%
"Jul 18, 2017","3,619.10","3,616.20","3,662.87","3,616.20",10.21K,0.08%
"Jul 17, 2017","3,616.20","3,587.04","3,628.48","3,580.98",66.83K,0.81%
"Jul 16, 2017","3,587.04","3,595.75","3,598.35","3,573.06",36.80K,-0.24%
"Jul 13, 2017","3,595.75","3,642.47","3,647.95","3,557.68",66.51K,-1.28%
"Jul 12, 2017","3,642.47","3,628.61","3,642.47","3,565.62",48.36K,0.38%
"Jul 11, 2017","3,628.61","3,524.33","3,668.53","3,375.51",197.12K,2.96%
"Jul 10, 2017","3,524.33","3,541.11","3,545.39","3,429.09",283.27K,-0.47%
"Jul 09, 2017","3,541.11","3,668.35","3,681.72","3,482.53",174.44K,-3.47%
"Jul 06, 2017","3,668.35","3,606.84","3,678.69","3,598.32",56.98K,1.71%
"Jul 05, 2017","3,606.84","3,669.64","3,673.45","3,594.92",167.45K,-1.71%
"Jul 04, 2017","3,669.64","3,697.85","3,735.63","3,666.26",165.98K,-0.76%
"Jul 03, 2017","3,697.85","3,839.05","3,839.05","3,614.45",70.34K,-3.68%
"Jul 02, 2017","3,839.05","3,815.11","3,874.08","3,753.20",68.40K,0.63%
"Jun 22, 2017","3,815.11","3,768.84","3,852.05","3,773.06",86.28K,1.23%
"Jun 21, 2017","3,768.84","3,888.15","4,046.18","3,740.83",157.38K,-3.07%
"Jun 20, 2017","3,888.15","3,948.91","3,977.42","3,824.04",138.50K,-1.54%
"Jun 19, 2017","3,948.91","3,902.47","3,948.91","3,852.65",60.01K,1.19%
"Jun 18, 2017","3,902.47","3,975.32","3,975.32","3,747.95",8.06K,-1.83%
"Jun 15, 2017","3,975.32","4,049.09","4,036.71","3,967.65",54.76K,-1.82%
"Jun 14, 2017","4,049.09","4,029.10","4,049.09","4,017.96",23.95K,0.50%
"Jun 13, 2017","4,029.10","3,996.15","4,029.31","3,994.83",17.71K,0.82%
"Jun 12, 2017","3,996.15","3,955.35","4,032.57","3,951.54",144.22K,1.03%
"Jun 11, 2017","3,955.35","4,048.07","4,048.07","3,948.58",32.63K,-2.29%
"Jun 08, 2017","4,048.07","4,088.58","4,089.74","4,024.89",35.52K,-0.99%
"Jun 07, 2017","4,088.58","4,099.13","4,133.98","4,088.58",48.81K,-0.26%
"Jun 06, 2017","4,099.13","4,117.11","4,133.44","4,090.71",29.39K,-0.44%
"Jun 05, 2017","4,117.11","4,217.31","4,238.37","4,070.46",145.26K,-2.38%
"Jun 04, 2017","4,217.31","4,044.42","4,332.19","4,101.53",160.57K,4.27%
"Jun 01, 2017","4,044.42","4,069.85","4,135.36","3,968.61",62.19K,-0.62%
"May 31, 2017","4,069.85","4,049.43","4,086.88","4,048.03",63.10K,0.50%
"May 30, 2017","4,049.43","4,122.36","4,118.14","3,944.59",69.16K,-1.77%
"May 29, 2017","4,122.36","4,053.70","4,165.62","4,064.02",75.00K,1.69%
"May 28, 2017","4,053.70","4,094.79","4,094.79","4,053.70",29.28K,-1.00%
"May 25, 2017","4,094.79","4,148.77","4,137.35","4,078.22",88.08K,-1.30%
"May 24, 2017","4,148.77","4,208.76","4,212.99","4,148.77",47.93K,-1.43%
"May 23, 2017","4,208.76","4,236.10","4,226.46","4,142.56",88.44K,-0.65%
"May 22, 2017","4,236.10","4,194.17","4,236.10","4,186.44",36.72K,1.00%
"May 21, 2017","4,194.17","4,283.56","4,294.55","4,153.99",271.37K,-2.09%
"May 18, 2017","4,283.56","4,304.48","4,327.16","4,283.56",133.39K,-0.49%
"May 17, 2017","4,304.48","4,248.55","4,324.74","4,248.55",52.87K,1.32%
"May 16, 2017","4,248.55","4,340.15","4,406.95","4,248.55",225.68K,-2.11%
"May 15, 2017","4,340.15","4,405.90","4,429.78","4,335.28",120.75K,-1.49%
"May 14, 2017","4,405.90","4,384.14","4,405.90","4,350.89",127.02K,0.50%
"May 11, 2017","4,384.14","4,410.24","4,473.56","4,359.07",211.76K,-0.59%
"May 10, 2017","4,410.24","4,370.28","4,454.30","4,370.28",73.12K,0.91%
"May 09, 2017","4,370.28","4,399.05","4,415.63","4,363.51",36.66K,-0.65%
"May 08, 2017","4,399.05","4,339.12","4,401.31","4,345.92",134.25K,1.38%
"May 07, 2017","4,339.12","4,395.23","4,413.54","4,339.12",77.37K,-1.28%
"May 04, 2017","4,395.23","4,474.09","4,491.22","4,392.65",79.80K,-1.76%
"May 03, 2017","4,474.09","4,585.95","4,578.22","4,460.55",97.77K,-2.44%
"May 02, 2017","4,585.95","4,687.42","4,693.13","4,582.30",106.24K,-2.16%
"May 01, 2017","4,687.42","4,702.73","4,720.65","4,684.84",184.75K,-0.33%
"Apr 30, 2017","4,702.73","4,740.49","4,740.49","4,639.44",146.83K,-0.80%
"Apr 27, 2017","4,740.49","4,784.07","4,790.91","4,723.91",358.99K,-0.91%
"Apr 26, 2017","4,784.07","4,770.39","4,788.43","4,759.59",122.07K,0.29%
"Apr 25, 2017","4,770.39","4,965.14","4,971.91","4,757.28",202.47K,-3.92%
"Apr 24, 2017","4,965.14","5,008.85","5,026.62","4,962.61",113.00K,-0.87%
"Apr 23, 2017","5,008.85","4,947.92","5,075.40","4,937.03",164.73K,1.23%
"Apr 20, 2017","4,947.92","4,959.42","5,001.72","4,923.54",192.46K,-0.23%
"Apr 19, 2017","4,959.42","4,885.11","4,961.11","4,866.62",216.03K,1.52%
"Apr 18, 2017","4,885.11","4,892.57","4,911.96","4,872.32",117.16K,-0.15%
"Apr 17, 2017","4,892.57","4,881.87","4,932.75","4,879.24",397.35K,0.22%
"Apr 16, 2017","4,881.87","4,925.81","4,927.50","4,876.49",103.78K,-0.89%
"Apr 13, 2017","4,925.81","4,932.92","4,950.23","4,917.61",197.35K,-0.14%
"Apr 12, 2017","4,932.92","4,925.75","4,981.21","4,917.24",395.12K,0.15%
"Apr 11, 2017","4,925.75","4,967.65","4,995.78","4,917.33",341.30K,-0.84%
"Apr 10, 2017","4,967.65","4,905.78","4,967.86","4,885.90",255.59K,1.26%
"Apr 09, 2017","4,905.78","4,961.21","4,949.20","4,889.78",317.62K,-1.12%
"Apr 06, 2017","4,961.21","5,025.04","5,025.04","4,958.63",350.01K,-1.27%
"Apr 05, 2017","5,025.04","5,009.17","5,026.83","4,985.10",340.61K,0.32%
"Apr 04, 2017","5,009.17","5,032.84","5,032.00","4,989.03",147.46K,-0.47%
"Apr 03, 2017","5,032.84","5,015.70","5,032.84","4,964.04",337.98K,0.34%
"Apr 02, 2017","5,015.70","5,119.28","5,119.28","5,005.76",404.32K,-2.02%
"Mar 30, 2017","5,119.28","5,120.98","5,120.98","5,055.90",471.24K,-0.03%
"Mar 29, 2017","5,120.98","5,104.02","5,127.77","5,065.26",402.86K,0.33%
"Mar 28, 2017","5,104.02","5,122.24","5,134.51","4,975.29",404.96K,-0.36%
"Mar 27, 2017","5,122.24","5,058.82","5,273.25","5,002.46",1.37M,1.25%
"Mar 26, 2017","5,058.82","5,091.60","5,170.96","4,918.16",880.32K,-0.64%
"Mar 23, 2017","5,091.60","5,140.08","5,176.45","5,045.44",501.06K,-0.94%
"Mar 22, 2017","5,140.08","5,232.01","5,241.05","5,121.23",493.30K,-1.76%
"Mar 21, 2017","5,232.01","5,374.82","5,380.57","5,231.25",774.41K,-2.66%
"Mar 20, 2017","5,374.82","5,359.38","5,499.83","5,316.58",982.70K,0.29%
"Mar 19, 2017","5,359.38","5,413.95","5,418.16","5,347.56",625.73K,-1.01%
"Mar 16, 2017","5,413.95","5,393.22","5,475.14","5,387.22",778.20K,0.38%
"Mar 15, 2017","5,393.22","5,387.03","5,469.61","5,377.60",704.56K,0.11%
"Mar 14, 2017","5,387.03","5,358.61","5,408.14","5,238.77",714.12K,0.53%
"Mar 13, 2017","5,358.61","5,506.95","5,617.55","5,343.22",754.60K,-2.69%
"Mar 12, 2017","5,506.95","5,661.49","5,708.90","5,468.83",932.24K,-2.73%
"Mar 09, 2017","5,661.49","5,767.64","5,767.64","5,558.19",1.98M,-1.84%
"Mar 08, 2017","5,767.64","5,764.28","5,791.93","5,684.80",1.26M,0.06%
"Mar 07, 2017","5,764.28","5,841.79","5,851.18","5,752.19",1.63M,-1.33%
"Mar 06, 2017","5,841.79","5,933.79","5,965.07","5,791.18",1.53M,-1.55%
"Mar 05, 2017","5,933.79","5,994.34","6,099.67","5,930.74",2.13M,-1.01%
"Mar 02, 2017","5,994.34","6,036.75","6,082.04","5,943.07",1.99M,-0.70%
"Mar 01, 2017","6,036.75","5,989.94","6,067.65","5,792.41",2.90M,0.78%
"Feb 28, 2017","5,989.94","5,902.82","6,178.74","5,781.48",4.37M,1.48%
"Feb 27, 2017","5,902.82","5,999.81","6,468.79","5,854.40",5.75M,-1.62%
"Feb 26, 2017",,,,,,
"Feb 23, 2017",,,,,,
"Feb 22, 2017",,,,,,
"Feb 21, 2017",,,,,,
"Feb 20, 2017",,,,,,
"Feb 19, 2017",,,,,,
"Feb 16, 2017",,,,,,
"Feb 15, 2017",,,,,,
"Feb 14, 2017",,,,,,
"Feb 13, 2017",,,,,,
"Feb 12, 2017",,,,,,
"Feb 09, 2017",,,,,,
"Feb 08, 2017",,,,,,
"Feb 07, 2017",,,,,,
"Feb 06, 2017",,,,,,
"Feb 05, 2017",,,,,,
"Feb 02, 2017",,,,,,
"Feb 01, 2017",,,,,,
"Jan 31, 2017",,,,,,
"Jan 30, 2017",,,,,,
"Jan 29, 2017",,,,,,
"Jan 26, 2017",,,,,,
"Jan 25, 2017",,,,,,
"Jan 24, 2017",,,,,,
"Jan 23, 2017",,,,,,
"Jan 22, 2017",,,,,,
"Jan 19, 2017",,,,,,
"Jan 18, 2017",,,,,,
"Jan 17, 2017",,,,,,
"Jan 16, 2017",,,,,,
"Jan 15, 2017",,,,,,
"Jan 12, 2017",,,,,,
"Jan 11, 2017",,,,,,
"Jan 10, 2017",,,,,,
"Jan 09, 2017",,,,,,
"Jan 08, 2017",,,,,,
"Jan 05, 2017",,,,,,
"Jan 04, 2017",,,,,,
"Jan 03, 2017",,,,,,
"Jan 02, 2017",,,,,,
"Jan 01, 2017",,,,,,
