"Date","Price","Open","High","Low","Vol.","Change %"
"Jun 01, 2021","10,597.42","10,560.85","10,644.34","10,552.67","499.94M","0.44%"
"May 31, 2021","10,551.23","10,561.46","10,569.50","10,514.97","464.24M","0.03%"
"May 30, 2021","10,547.67","10,529.76","10,571.98","10,519.24","408.59M","0.27%"
"May 27, 2021","10,519.52","10,472.41","10,519.52","10,461.53","382.97M","0.46%"
"May 26, 2021","10,471.55","10,452.61","10,490.16","10,447.57","302.15M","0.23%"
"May 25, 2021","10,448.00","10,331.98","10,448.00","10,331.98","319.71M","1.25%"
"May 24, 2021","10,318.51","10,349.62","10,375.51","10,318.51","382.71M","-0.25%"
"May 23, 2021","10,343.86","10,352.67","10,367.67","10,307.83","356.68M","0.04%"
"May 20, 2021","10,339.85","10,369.58","10,381.15","10,313.11","297.88M","-0.32%"
"May 19, 2021","10,372.54","10,427.04","10,431.19","10,360.29","263.02M","-0.49%"
"May 18, 2021","10,423.51","10,424.23","10,492.97","10,401.38","317.84M","0.26%"
"May 17, 2021","10,396.44","10,332.98","10,413.19","10,318.47","298.20M","0.71%"
"May 10, 2021","10,322.68","10,235.72","10,322.68","10,233.15","222.05M","0.92%"
"May 09, 2021","10,228.19","10,244.86","10,273.28","10,209.91","172.40M","-0.00%"
"May 06, 2021","10,228.35","10,254.88","10,258.27","10,170.53","245.64M","-0.23%"
"May 05, 2021","10,252.15","10,324.70","10,332.38","10,252.15","241.25M","-0.65%"
"May 04, 2021","10,318.94","10,320.96","10,354.03","10,253.32","238.91M","0.09%"
"May 03, 2021","10,309.37","10,381.40","10,386.34","10,309.37","270.27M","-0.54%"
"May 02, 2021","10,365.51","10,406.06","10,416.48","10,330.72","321.05M","-0.51%"
"Apr 29, 2021","10,418.98","10,493.64","10,503.33","10,382.49","356.29M","-1.07%"
"Apr 28, 2021","10,531.22","10,328.49","10,540.17","10,308.60","457.40M","2.57%"
"Apr 27, 2021","10,267.17","10,226.35","10,267.17","10,205.03","359.50M","0.35%"
"Apr 26, 2021","10,231.06","10,155.11","10,231.06","10,139.97","309.56M","0.87%"
"Apr 25, 2021","10,142.48","10,139.08","10,173.30","10,128.99","275.14M","0.08%"
"Apr 22, 2021","10,134.08","10,109.59","10,136.66","10,092.22","260.56M","0.38%"
"Apr 21, 2021","10,095.36","10,127.94","10,142.16","10,095.36","251.78M","-0.21%"
"Apr 20, 2021","10,116.98","10,097.01","10,125.57","10,086.86","345.98M","0.19%"
"Apr 19, 2021","10,097.65","10,062.16","10,097.65","10,007.38","338.52M","0.49%"
"Apr 18, 2021","10,048.70","10,009.61","10,065.05","10,006.10","237.44M","0.61%"
"Apr 15, 2021","9,987.92","9,863.29","9,987.92","9,862.29","225.51M","1.42%"
"Apr 14, 2021","9,847.62","9,820.03","9,847.62","9,767.01","202.95M","0.09%"
"Apr 13, 2021","9,838.28","9,911.53","9,922.00","9,838.28","254.23M","-0.70%"
"Apr 12, 2021","9,907.62","9,927.02","9,929.65","9,846.57","285.60M","-0.31%"
"Apr 11, 2021","9,938.32","10,010.59","10,015.76","9,921.27","302.39M","-0.74%"
"Apr 08, 2021","10,012.13","10,011.35","10,039.23","9,977.15","282.44M","-0.02%"
"Apr 07, 2021","10,014.30","9,992.51","10,030.35","9,979.16","336.29M","0.25%"
"Apr 06, 2021","9,988.98","9,965.18","9,995.84","9,958.93","396.76M","0.24%"
"Apr 05, 2021","9,964.84","9,969.51","9,984.14","9,939.60","364.40M","0.02%"
"Apr 04, 2021","9,962.77","9,891.10","9,986.16","9,862.77","373.20M","0.68%"
"Apr 01, 2021","9,895.56","9,908.07","9,938.50","9,869.47","328.30M","-0.12%"
"Mar 31, 2021","9,907.82","9,810.52","9,909.64","9,762.37","507.95M","2.83%"
"Mar 30, 2021","9,635.34","9,610.66","9,635.34","9,592.28","355.30M","0.20%"
"Mar 29, 2021","9,615.63","9,496.36","9,615.63","9,492.07","314.74M","1.40%"
"Mar 28, 2021","9,482.95","9,438.60","9,508.20","9,422.91","252.81M","0.69%"
"Mar 25, 2021","9,417.71","9,463.52","9,495.43","9,417.71","253.31M","-0.49%"
"Mar 24, 2021","9,464.08","9,462.58","9,498.71","9,430.66","290.92M","-0.27%"
"Mar 23, 2021","9,489.63","9,546.12","9,571.88","9,489.63","376.55M","-0.61%"
"Mar 22, 2021","9,547.42","9,500.56","9,565.69","9,466.84","344.72M","0.51%"
"Mar 21, 2021","9,498.85","9,462.19","9,508.42","9,454.25","289.28M","0.14%"
"Mar 18, 2021","9,485.96","9,604.45","9,624.14","9,485.96","355.78M","-1.21%"
"Mar 17, 2021","9,602.26","9,666.49","9,673.57","9,566.66","472.28M","-0.60%"
"Mar 16, 2021","9,660.27","9,640.31","9,698.68","9,619.71","727.29M","0.15%"
"Mar 15, 2021","9,645.74","9,678.50","9,678.70","9,610.72","508.45M","-0.20%"
"Mar 14, 2021","9,664.61","9,611.32","9,666.58","9,611.32","450.29M","0.80%"
"Mar 11, 2021","9,587.79","9,605.62","9,639.88","9,549.62","455.91M","-0.08%"
"Mar 10, 2021","9,595.45","9,486.59","9,617.31","9,486.09","536.31M","1.29%"
"Mar 09, 2021","9,473.20","9,381.64","9,487.65","9,380.74","571.87M","1.05%"
"Mar 08, 2021","9,374.37","9,353.07","9,397.17","9,320.35","582.33M","0.25%"
"Mar 07, 2021","9,351.08","9,320.56","9,375.35","9,320.19","572.99M","1.18%"
"Mar 04, 2021","9,242.28","9,311.16","9,311.92","9,242.28","507.27M","-0.73%"
"Mar 03, 2021","9,310.28","9,267.84","9,314.75","9,257.27","531.20M","0.67%"
"Mar 02, 2021","9,248.28","9,159.46","9,266.99","9,158.98","570.40M","1.20%"
"Mar 01, 2021","9,138.37","9,161.80","9,222.98","9,132.03","497.68M","-0.07%"
"Feb 28, 2021","9,144.99","9,115.61","9,198.65","9,099.14","408.62M","-0.54%"
"Feb 25, 2021","9,194.92","9,161.60","9,263.16","9,161.14","449.56M","0.87%"
"Feb 24, 2021","9,115.76","9,166.81","9,217.03","9,078.54","545.87M","-0.39%"
"Feb 23, 2021","9,151.71","9,096.86","9,177.91","9,095.43","465.77M","0.82%"
"Feb 22, 2021","9,077.62","9,090.13","9,114.01","9,064.02","382.52M","-0.09%"
"Feb 21, 2021","9,085.97","9,067.92","9,108.32","9,061.80","313.22M","0.68%"
"Feb 18, 2021","9,024.23","9,084.31","9,118.23","9,024.23","382.32M","-0.66%"
"Feb 17, 2021","9,084.31","9,101.96","9,134.41","9,058.28","489.11M","-0.19%"
"Feb 16, 2021","9,101.96","9,081.78","9,117.63","9,027.34","480.10M","0.22%"
"Feb 15, 2021","9,081.78","9,035.53","9,142.21","9,054.76","386.14M","0.51%"
"Feb 14, 2021","9,035.53","8,943.85","9,047.70","8,956.49","324.15M","1.03%"
"Feb 11, 2021","8,943.85","8,901.63","8,943.85","8,891.48","292.08M","0.47%"
"Feb 10, 2021","8,901.63","8,892.92","8,972.26","8,889.92","304.66M","0.10%"
"Feb 09, 2021","8,892.92","8,809.34","8,918.16","8,825.72","313.30M","0.95%"
"Feb 08, 2021","8,809.34","8,687.93","8,822.20","8,692.74","276.19M","1.40%"
"Feb 07, 2021","8,687.93","8,617.87","8,719.62","8,619.72","200.02M","0.81%"
"Feb 04, 2021","8,617.87","8,542.55","8,626.29","8,464.47","233.52M","0.88%"
"Feb 03, 2021","8,542.55","8,618.57","8,622.71","8,542.55","230.93M","-0.88%"
"Feb 02, 2021","8,618.57","8,648.43","8,714.79","8,611.06","206.58M","-0.35%"
"Feb 01, 2021","8,648.43","8,702.55","8,755.98","8,648.43","218.64M","-0.62%"
"Jan 31, 2021","8,702.55","8,807.02","8,781.46","8,677.51","251.18M","-1.19%"
"Jan 28, 2021","8,807.02","8,784.12","8,816.76","8,739.40","177.80M","0.26%"
"Jan 27, 2021","8,784.12","8,789.87","8,820.48","8,784.12","142.29M","-0.07%"
"Jan 26, 2021","8,789.87","8,846.95","8,844.73","8,789.87","160.05M","-0.65%"
"Jan 25, 2021","8,846.95","8,829.52","8,872.71","8,837.69","169.00M","0.20%"
"Jan 24, 2021","8,829.52","8,876.49","8,886.02","8,819.56","188.99M","-0.53%"
"Jan 21, 2021","8,876.49","8,878.30","8,909.86","8,876.49","183.09M","-0.02%"
"Jan 20, 2021","8,878.30","8,901.87","8,916.39","8,878.30","206.20M","-0.26%"
"Jan 19, 2021","8,901.87","8,931.29","8,955.44","8,901.87","229.89M","-0.33%"
"Jan 18, 2021","8,931.29","8,874.90","8,931.29","8,853.89","332.27M","0.64%"
"Jan 17, 2021","8,874.90","8,898.68","8,901.48","8,866.66","242.17M","-0.27%"
"Jan 14, 2021","8,898.68","8,914.29","8,912.78","8,873.42","222.48M","-0.18%"
"Jan 13, 2021","8,914.29","8,884.46","8,914.29","8,880.91","257.00M","0.34%"
"Jan 12, 2021","8,884.46","8,869.47","8,884.46","8,854.34","221.95M","0.17%"
"Jan 11, 2021","8,869.47","8,817.05","8,869.47","8,804.26","301.60M","0.59%"
"Jan 10, 2021","8,817.05","8,737.20","8,841.22","8,768.89","280.20M","0.91%"
"Jan 07, 2021","8,737.20","8,670.80","8,737.20","8,659.60","256.25M","0.77%"
"Jan 06, 2021","8,670.80","8,682.11","8,692.90","8,664.94","198.22M","-0.13%"
"Jan 05, 2021","8,682.11","8,667.66","8,695.23","8,632.67","220.96M","0.17%"
"Jan 04, 2021","8,667.66","8,612.82","8,670.77","8,621.55","245.61M","0.64%"
"Jan 03, 2021","8,612.82","8,689.53","8,698.34","8,600.56","264.78M","-0.88%"
"Dec 31, 2020","8,689.53","8,760.08","8,755.49","8,689.53","210.65M","-0.81%"
"Dec 30, 2020","8,760.08","8,746.76","8,760.08","8,718.17","247.09M","0.15%"
"Dec 29, 2020","8,746.76","8,715.38","8,746.76","8,692.25","282.54M","0.36%"
"Dec 28, 2020","8,715.38","8,740.66","8,750.53","8,709.62","326.68M","-0.29%"
"Dec 27, 2020","8,740.66","8,702.68","8,751.97","8,707.61","396.77M","0.44%"
"Dec 24, 2020","8,702.68","8,720.67","8,733.10","8,678.80","365.22M","-0.21%"
"Dec 23, 2020","8,720.67","8,680.45","8,730.70","8,648.44","367.34M","0.46%"
"Dec 22, 2020","8,680.45","8,538.68","8,680.45","8,527.39","349.39M","1.66%"
"Dec 21, 2020","8,538.68","8,686.89","8,585.99","8,464.32","482.15M","-1.71%"
"Dec 20, 2020","8,686.89","8,711.58","8,761.84","8,684.42","365.92M","-0.28%"
"Dec 17, 2020","8,711.58","8,721.18","8,765.80","8,711.58","424.72M","-0.11%"
"Dec 16, 2020","8,721.18","8,659.37","8,721.18","8,673.84","372.83M","0.71%"
"Dec 15, 2020","8,659.37","8,651.53","8,699.59","8,649.44","347.10M","-0.01%"
"Dec 14, 2020","8,660.31","8,644.47","8,660.31","8,632.52","315.50M","0.18%"
"Dec 13, 2020","8,644.47","8,643.97","8,680.98","8,633.77","321.96M","0.01%"
"Dec 10, 2020","8,643.97","8,660.21","8,667.98","8,637.23","338.73M","-0.19%"
"Dec 09, 2020","8,660.21","8,612.13","8,663.86","8,613.57","367.76M","0.56%"
"Dec 08, 2020","8,612.13","8,633.38","8,636.37","8,584.49","391.85M","-0.25%"
"Dec 07, 2020","8,633.38","8,581.68","8,633.38","8,536.92","369.44M","0.60%"
"Dec 06, 2020","8,581.68","8,674.97","8,703.33","8,580.92","376.34M","-1.08%"
"Dec 03, 2020","8,674.97","8,694.13","8,691.96","8,638.27","352.91M","-0.22%"
"Dec 02, 2020","8,694.13","8,722.12","8,720.33","8,658.75","357.24M","-0.32%"
"Dec 01, 2020","8,722.12","8,747.09","8,731.36","8,692.59","649.87M","-0.29%"
"Nov 30, 2020","8,747.09","8,708.59","8,747.09","8,660.72","505.90M","0.44%"
"Nov 29, 2020","8,708.59","8,713.91","8,730.30","8,695.11","444.73M","0.17%"
"Nov 26, 2020","8,693.47","8,688.76","8,693.47","8,608.45","487.46M","0.05%"
"Nov 25, 2020","8,688.76","8,636.14","8,721.45","8,667.60","533.91M","0.61%"
"Nov 24, 2020","8,636.14","8,610.84","8,675.36","8,618.84","496.53M","0.29%"
"Nov 23, 2020","8,610.84","8,588.17","8,623.69","8,547.51","483.85M","0.26%"
"Nov 22, 2020","8,588.17","8,578.42","8,629.18","8,580.83","452.25M","0.11%"
"Nov 19, 2020","8,578.42","8,621.19","8,616.23","8,571.47","429.89M","-0.50%"
"Nov 18, 2020","8,621.19","8,572.73","8,621.19","8,548.28","529.22M","0.57%"
"Nov 17, 2020","8,572.73","8,526.64","8,582.48","8,534.19","551.70M","0.54%"
"Nov 16, 2020","8,526.64","8,501.58","8,526.64","8,458.45","507.40M","0.29%"
"Nov 15, 2020","8,501.58","8,434.90","8,507.67","8,454.27","456.27M","0.79%"
"Nov 12, 2020","8,434.90","8,449.66","8,449.94","8,409.17","346.24M","-0.17%"
"Nov 11, 2020","8,449.66","8,405.04","8,453.01","8,376.97","407.55M","0.53%"
"Nov 10, 2020","8,405.04","8,366.46","8,510.68","8,326.01","618.92M","0.46%"
"Nov 09, 2020","8,366.46","8,160.35","8,366.46","8,178.33","440.96M","2.53%"
"Nov 08, 2020","8,160.35","8,089.15","8,160.35","8,065.27","287.36M","0.88%"
"Nov 05, 2020","8,089.15","8,088.73","8,091.58","8,029.84","262.88M","0.01%"
"Nov 04, 2020","8,088.73","7,998.59","8,118.73","8,046.48","319.79M","1.13%"
"Nov 03, 2020","7,998.59","8,021.02","8,082.83","7,998.59","291.33M","-0.28%"
"Nov 02, 2020","8,021.02","7,864.78","8,032.99","7,874.30","305.73M","1.99%"
"Nov 01, 2020","7,864.78","7,907.72","7,920.53","7,842.69","229.68M","-0.54%"
"Oct 29, 2020","7,907.72","8,123.05","8,039.41","7,907.72","356.35M","-2.65%"
"Oct 28, 2020","8,123.05","8,198.90","8,223.60","8,113.19","319.83M","-0.93%"
"Oct 27, 2020","8,198.90","8,155.31","8,198.90","8,101.02","318.75M","0.53%"
"Oct 26, 2020","8,155.31","8,154.59","8,267.09","8,020.41","498.72M","0.01%"
"Oct 25, 2020","8,154.59","8,505.18","8,487.49","8,154.59","364.10M","-4.12%"
"Oct 22, 2020","8,505.18","8,496.85","8,505.18","8,439.43","324.88M","0.10%"
"Oct 21, 2020","8,496.85","8,533.00","8,567.30","8,496.85","372.73M","-0.42%"
"Oct 20, 2020","8,533.00","8,547.61","8,533.00","8,466.28","440.55M","-0.17%"
"Oct 19, 2020","8,547.61","8,560.81","8,581.55","8,531.23","377.31M","-0.15%"
"Oct 18, 2020","8,560.81","8,553.79","8,598.58","8,546.84","415.13M","0.08%"
"Oct 15, 2020","8,553.79","8,592.10","8,593.62","8,516.64","533.11M","-0.45%"
"Oct 14, 2020","8,592.10","8,610.38","8,613.59","8,577.34","543.23M","-0.10%"
"Oct 13, 2020","8,601.07","8,544.94","8,614.50","8,533.30","477.83M","0.66%"
"Oct 12, 2020","8,544.94","8,513.26","8,548.52","8,481.29","479.30M","0.37%"
"Oct 11, 2020","8,513.26","8,412.55","8,513.97","8,436.83","454.64M","1.20%"
"Oct 08, 2020","8,412.55","8,358.79","8,420.14","8,349.61","436.52M","0.64%"
"Oct 07, 2020","8,358.79","8,369.33","8,381.18","8,338.31","431.48M","-0.13%"
"Oct 06, 2020","8,369.33","8,257.67","8,369.33","8,249.48","482.53M","1.35%"
"Oct 05, 2020","8,257.67","8,177.76","8,257.67","8,095.88","505.84M","0.98%"
"Oct 04, 2020","8,177.76","8,295.05","8,287.97","8,177.76","496.82M","-1.41%"
"Oct 01, 2020","8,295.05","8,299.08","8,340.31","8,263.37","712.34M","-0.05%"
"Sep 30, 2020","8,299.08","8,284.34","8,312.54","8,272.59","542.69M","0.18%"
"Sep 29, 2020","8,284.34","8,334.65","8,360.93","8,284.34","627.75M","-0.60%"
"Sep 28, 2020","8,334.65","8,293.62","8,373.34","8,313.04","672.46M","0.49%"
"Sep 27, 2020","8,293.62","8,236.17","8,302.50","8,244.56","560.80M","0.70%"
"Sep 24, 2020","8,236.17","8,244.82","8,265.33","8,199.48","407.32M","-0.10%"
"Sep 22, 2020","8,244.82","8,291.35","8,287.44","8,213.14","407.81M","-0.56%"
"Sep 21, 2020","8,291.35","8,364.61","8,390.25","8,291.35","512.40M","-0.88%"
"Sep 20, 2020","8,364.61","8,337.88","8,376.83","8,332.59","439.64M","0.32%"
"Sep 17, 2020","8,337.88","8,311.21","8,339.29","8,279.64","519.54M","0.32%"
"Sep 16, 2020","8,311.21","8,321.74","8,377.97","8,290.20","593.96M","-0.13%"
"Sep 15, 2020","8,321.74","8,256.07","8,328.53","8,252.09","613.21M","0.80%"
"Sep 14, 2020","8,256.07","8,203.57","8,265.53","8,140.16","782.26M","0.64%"
"Sep 13, 2020","8,203.57","8,135.16","8,206.00","8,157.22","516.12M","0.84%"
"Sep 10, 2020","8,135.16","8,079.74","8,151.61","8,090.21","543.59M","0.69%"
"Sep 09, 2020","8,079.74","8,089.54","8,079.74","8,022.46","508.05M","-0.12%"
"Sep 08, 2020","8,089.54","8,050.14","8,103.94","8,054.74","529.05M","0.49%"
"Sep 07, 2020","8,050.14","8,024.62","8,066.24","8,026.06","433.54M","0.32%"
"Sep 06, 2020","8,024.62","8,007.06","8,034.53","7,978.70","401.63M","-0.25%"
"Sep 03, 2020","8,045.09","8,013.44","8,053.71","8,001.43","564.10M","0.39%"
"Sep 02, 2020","8,013.44","7,898.86","8,013.44","7,861.61","497.72M","1.45%"
"Sep 01, 2020","7,898.86","7,940.70","7,995.55","7,898.86","514.15M","-0.53%"
"Aug 31, 2020","7,940.70","7,983.82","8,017.28","7,940.70","546.49M","-0.54%"
"Aug 30, 2020","7,983.82","7,934.43","7,984.27","7,929.61","369.58M","0.62%"
"Aug 27, 2020","7,934.43","7,955.04","7,977.04","7,924.68","420.28M","-0.26%"
"Aug 26, 2020","7,955.04","7,938.36","7,955.04","7,908.01","388.65M","0.21%"
"Aug 25, 2020","7,938.36","7,957.38","7,995.71","7,938.36","393.94M","-0.24%"
"Aug 24, 2020","7,957.38","7,901.93","7,957.38","7,892.48","396.87M","0.70%"
"Aug 23, 2020","7,901.93","7,842.84","7,901.93","7,848.70","364.92M","0.75%"
"Aug 20, 2020","7,842.84","7,853.05","7,848.30","7,812.27","299.45M","-0.13%"
"Aug 19, 2020","7,853.05","7,853.57","7,890.79","7,842.15","388.12M","-0.01%"
"Aug 18, 2020","7,853.57","7,757.26","7,853.57","7,734.22","328.38M","1.24%"
"Aug 17, 2020","7,757.26","7,759.48","7,800.91","7,700.90","407.84M","-0.03%"
"Aug 16, 2020","7,759.48","7,704.25","7,760.35","7,716.02","312.37M","0.72%"
"Aug 13, 2020","7,704.25","7,645.55","7,708.78","7,652.35","339.68M","0.77%"
"Aug 12, 2020","7,645.55","7,626.23","7,646.51","7,601.67","312.72M","0.25%"
"Aug 11, 2020","7,626.23","7,535.96","7,626.23","7,536.34","386.55M","1.20%"
"Aug 10, 2020","7,535.96","7,530.31","7,545.31","7,517.30","297.46M","0.08%"
"Aug 09, 2020","7,530.31","7,499.97","7,533.86","7,490.80","282.12M","0.40%"
"Aug 06, 2020","7,499.97","7,470.26","7,518.13","7,486.39","242.26M","0.40%"
"Aug 05, 2020","7,470.26","7,459.21","7,505.22","7,459.77","229.08M","0.15%"
"Jul 28, 2020","7,459.21","7,455.74","7,459.26","7,437.54","201.69M","0.05%"
"Jul 27, 2020","7,455.74","7,434.05","7,463.16","7,423.95","186.59M","0.29%"
"Jul 26, 2020","7,434.05","7,426.78","7,444.21","7,403.78","223.26M","0.10%"
"Jul 23, 2020","7,426.78","7,427.89","7,430.47","7,406.71","232.58M","-0.01%"
"Jul 22, 2020","7,427.89","7,417.26","7,436.03","7,411.93","320.82M","0.14%"
"Jul 21, 2020","7,417.26","7,377.36","7,417.26","7,373.83","328.00M","0.54%"
"Jul 20, 2020","7,377.36","7,423.23","7,409.89","7,257.16","419.03M","0.97%"
"Jul 19, 2020","7,306.64","7,438.96","7,449.12","7,257.18","290.79M","-1.62%"
"Jul 16, 2020","7,426.76","7,418.04","7,439.32","7,416.85","272.74M","0.00%"
"Jul 15, 2020","7,426.76","7,385.69","7,439.32","7,383.09","272.74M","0.63%"
"Jul 14, 2020","7,380.35","7,412.21","7,410.09","7,357.00","267.92M","-0.43%"
"Jul 13, 2020","7,412.21","7,431.58","7,443.47","7,406.01","341.35M","-0.26%"
"Jul 12, 2020","7,431.58","7,439.66","7,450.58","7,425.36","303.43M","0.20%"
"Jul 09, 2020","7,416.67","7,394.26","7,439.73","7,405.27","314.26M","0.30%"
"Jul 08, 2020","7,394.26","7,400.53","7,415.52","7,391.47","317.68M","-0.08%"
"Jul 07, 2020","7,400.53","7,390.59","7,427.42","7,391.17","267.13M","0.13%"
"Jul 06, 2020","7,390.59","7,388.49","7,424.79","7,375.01","395.53M","0.03%"
"Jul 05, 2020","7,388.49","7,312.24","7,388.67","7,329.71","303.52M","1.04%"
"Jul 02, 2020","7,312.24","7,253.33","7,312.24","7,271.41","211.10M","0.81%"
"Jul 01, 2020","7,253.33","7,224.09","7,283.68","7,213.99","215.52M","0.40%"
"Jun 30, 2020","7,224.09","7,296.79","7,328.26","7,224.09","315.09M","-0.87%"
"Jun 29, 2020","7,287.41","7,292.62","7,307.54","7,269.49","326.47M","-0.07%"
"Jun 28, 2020","7,292.62","7,232.34","7,298.86","7,259.66","217.66M","0.83%"
"Jun 25, 2020","7,232.34","7,213.36","7,244.35","7,155.32","223.50M","0.26%"
"Jun 24, 2020","7,213.36","7,265.08","7,272.55","7,196.69","246.31M","-0.71%"
"Jun 23, 2020","7,265.08","7,260.09","7,276.70","7,218.63","217.19M","0.07%"
"Jun 22, 2020","7,260.09","7,345.88","7,342.07","7,244.51","265.53M","-1.17%"
"Jun 21, 2020","7,345.88","7,355.66","7,381.98","7,343.93","255.00M","-0.13%"
"Jun 18, 2020","7,355.66","7,309.67","7,355.66","7,293.39","398.58M","0.63%"
"Jun 17, 2020","7,309.67","7,308.21","7,355.14","7,291.95","331.25M","0.02%"
"Jun 16, 2020","7,308.21","7,263.65","7,358.16","7,284.40","351.33M","0.61%"
"Jun 15, 2020","7,263.65","7,292.54","7,272.18","7,229.17","296.98M","-0.40%"
"Jun 14, 2020","7,292.54","7,309.80","7,306.50","7,252.78","2.35B","-0.24%"
"Jun 11, 2020","7,309.80","7,328.09","7,309.80","7,254.85","259.73M","-0.25%"
"Jun 10, 2020","7,328.09","7,329.38","7,339.29","7,287.17","264.53M","-0.02%"
"Jun 09, 2020","7,329.38","7,300.48","7,329.38","7,277.88","264.66M","0.40%"
"Jun 08, 2020","7,300.48","7,272.55","7,306.01","7,247.74","275.32M","0.45%"
"Jun 07, 2020","7,267.86","7,207.78","7,277.70","7,233.67","225.87M","0.83%"
"Jun 04, 2020","7,207.78","7,222.41","7,207.78","7,129.25","234.18M","-0.20%"
"Jun 03, 2020","7,222.41","7,285.23","7,311.85","7,202.39","286.85M","-0.86%"
"Jun 02, 2020","7,285.23","7,288.81","7,321.36","7,277.63","343.52M","-0.05%"
"Jun 01, 2020","7,288.81","7,213.03","7,288.81","7,202.14","349.59M","1.05%"
"May 31, 2020","7,213.03","7,050.66","7,338.96","7,149.71","307.44M","2.30%"
"May 21, 2020","7,050.66","7,050.17","7,084.00","7,037.81","274.85M","0.01%"
"May 20, 2020","7,050.17","7,044.56","7,073.50","7,014.65","190.72M","0.08%"
"May 19, 2020","7,044.56","6,921.15","7,057.61","6,961.79","242.30M","1.78%"
"May 18, 2020","6,921.15","6,824.70","6,944.16","6,862.50","230.18M","1.41%"
"May 17, 2020","6,824.70","6,716.98","6,825.47","6,778.75","198.54M","1.60%"
"May 14, 2020","6,716.98","6,721.24","6,731.82","6,680.75","158.06M","-0.06%"
"May 13, 2020","6,721.24","6,684.42","6,762.71","6,719.65","192.59M","0.55%"
"May 12, 2020","6,684.42","6,603.96","6,724.78","6,622.86","222.87M","1.22%"
"May 11, 2020","6,603.96","6,682.91","6,634.91","6,448.66","223.16M","-1.18%"
"May 10, 2020","6,682.91","6,628.53","6,706.51","6,658.13","148.05M","0.82%"
"May 07, 2020","6,628.53","6,655.11","6,677.85","6,602.67","177.48M","-0.40%"
"May 06, 2020","6,655.11","6,710.51","6,810.46","6,655.11","223.46M","-0.83%"
"May 05, 2020","6,710.51","6,595.97","6,762.41","6,700.88","228.55M","1.74%"
"May 04, 2020","6,595.97","6,585.58","6,672.83","6,492.53","252.06M","0.16%"
"May 03, 2020","6,585.58","7,112.90","6,726.67","6,575.31","305.74M","-7.41%"
"Apr 30, 2020","7,112.90","6,985.33","7,112.90","7,024.98","300.44M","1.83%"
"Apr 29, 2020","6,985.33","6,884.82","7,013.95","6,898.68","271.51M","1.46%"
"Apr 28, 2020","6,884.82","6,827.80","6,884.82","6,809.36","233.88M","0.84%"
"Apr 27, 2020","6,827.80","6,838.67","6,899.32","6,813.67","268.82M","-0.16%"
"Apr 26, 2020","6,838.67","6,604.90","6,843.59","6,698.51","234.07M","3.54%"
"Apr 23, 2020","6,604.90","6,541.47","6,640.64","6,587.31","201.61M","0.97%"
"Apr 22, 2020","6,541.47","6,496.72","6,564.00","6,444.71","199.49M","0.69%"
"Apr 21, 2020","6,496.72","6,601.07","6,554.60","6,454.93","189.54M","-1.58%"
"Apr 20, 2020","6,601.07","6,678.44","6,665.35","6,576.20","152.06M","-1.16%"
"Apr 19, 2020","6,678.44","6,631.69","6,712.47","6,652.98","140.65M","0.70%"
"Apr 16, 2020","6,631.69","6,813.67","6,806.35","6,631.69","162.60M","-2.67%"
"Apr 15, 2020","6,813.67","6,874.64","6,913.88","6,804.97","176.55M","-0.89%"
"Apr 14, 2020","6,874.64","6,804.54","6,874.64","6,791.82","175.01M","1.03%"
"Apr 13, 2020","6,804.54","6,865.74","6,914.17","6,804.54","169.32M","-0.89%"
"Apr 12, 2020","6,865.74","7,006.24","7,012.51","6,855.85","195.00M","-2.01%"
"Apr 09, 2020","7,006.24","6,999.34","7,073.95","6,988.96","239.31M","0.10%"
"Apr 08, 2020","6,999.34","6,986.40","6,999.34","6,926.61","238.61M","0.19%"
"Apr 07, 2020","6,986.40","6,860.92","6,986.40","6,854.15","262.77M","1.83%"
"Apr 06, 2020","6,860.92","6,752.19","6,860.92","6,731.47","212.84M","1.61%"
"Apr 05, 2020","6,752.19","6,749.69","6,881.39","6,738.70","278.74M","0.04%"
"Apr 02, 2020","6,749.69","6,569.39","6,749.69","6,600.57","262.64M","2.74%"
"Apr 01, 2020","6,569.39","6,505.35","6,569.39","6,479.28","170.89M","0.98%"
"Mar 31, 2020","6,505.35","6,373.29","6,529.26","6,396.27","219.73M","2.07%"
"Mar 30, 2020","6,373.29","6,376.62","6,404.41","6,354.35","164.72M","-0.05%"
"Mar 29, 2020","6,376.62","6,326.92","6,385.94","6,260.45","161.30M","0.79%"
"Mar 26, 2020","6,326.92","6,208.65","6,326.92","6,254.81","146.67M","1.90%"
"Mar 25, 2020","6,208.65","6,193.66","6,401.82","6,171.91","330.44M","0.24%"
"Mar 24, 2020","6,193.66","5,990.23","6,213.22","6,095.29","204.97M","3.40%"
"Mar 23, 2020","5,990.23","6,171.91","6,173.11","5,974.78","190.44M","-2.94%"
"Mar 22, 2020","6,171.91","6,267.56","6,284.40","6,159.21","165.16M","-1.53%"
"Mar 19, 2020","6,267.56","6,154.85","6,347.89","6,105.16","359.73M","1.83%"
"Mar 18, 2020","6,154.85","6,107.05","6,235.30","6,097.61","226.12M","0.78%"
"Mar 17, 2020","6,107.05","5,959.69","6,182.01","5,971.61","258.60M","2.47%"
"Mar 16, 2020","5,959.69","6,287.36","6,184.37","5,959.69","253.77M","-5.21%"
"Mar 15, 2020","6,287.36","6,357.06","6,497.71","6,287.36","211.46M","-1.10%"
"Mar 12, 2020","6,357.06","6,552.49","6,456.65","6,178.07","255.98M","-2.98%"
"Mar 11, 2020","6,552.49","6,762.03","6,828.11","6,492.32","282.57M","-3.10%"
"Mar 10, 2020","6,762.03","6,315.51","6,779.43","6,486.95","345.46M","7.07%"
"Mar 09, 2020","6,315.51","6,846.36","6,461.50","6,196.98","283.91M","-7.75%"
"Mar 08, 2020","6,846.36","7,467.52","7,027.98","6,835.33","295.73M","-8.32%"
"Mar 05, 2020","7,467.52","7,524.50","7,571.19","7,457.62","145.77M","-0.76%"
"Mar 04, 2020","7,524.50","7,556.52","7,531.43","7,416.59","174.56M","-0.42%"
"Mar 03, 2020","7,556.52","7,349.19","7,561.31","7,475.49","171.03M","2.82%"
"Mar 02, 2020","7,349.19","7,345.10","7,561.90","7,349.19","198.26M","0.06%"
"Mar 01, 2020","7,345.10","7,628.34","7,461.16","7,314.88","184.11M","-3.71%"
"Feb 27, 2020","7,628.34","7,711.12","7,678.51","7,561.50","179.74M","-1.07%"
"Feb 26, 2020","7,711.12","7,758.15","7,729.36","7,655.84","157.35M","-0.61%"
"Feb 25, 2020","7,758.15","7,747.10","7,776.30","7,687.54","143.73M","0.14%"
"Feb 24, 2020","7,747.10","7,982.95","7,965.56","7,745.51","181.57M","-2.95%"
"Feb 23, 2020","7,982.95","8,007.39","8,015.03","7,953.81","122.26M","-0.31%"
"Feb 20, 2020","8,007.39","7,967.60","8,031.02","7,975.18","147.73M","0.50%"
"Feb 19, 2020","7,967.60","7,858.93","7,967.60","7,862.47","111.91M","1.38%"
"Feb 18, 2020","7,858.93","7,872.55","7,877.64","7,845.24","96.87M","-0.17%"
"Feb 17, 2020","7,872.55","7,836.96","7,895.61","7,843.56","99.23M","0.45%"
"Feb 16, 2020","7,836.96","7,874.41","7,886.89","7,819.31","121.36M","-0.48%"
"Feb 13, 2020","7,874.41","7,915.36","7,937.53","7,839.47","188.56M","-0.52%"
"Feb 12, 2020","7,915.36","7,895.64","7,923.06","7,876.81","148.13M","0.25%"
"Feb 11, 2020","7,895.64","7,971.93","7,956.38","7,895.64","136.60M","-0.96%"
"Feb 10, 2020","7,971.93","7,952.52","7,979.68","7,919.58","120.65M","0.24%"
"Feb 09, 2020","7,952.52","8,053.09","8,085.39","7,890.09","152.18M","-1.25%"
"Feb 06, 2020","8,053.09","8,094.36","8,123.87","8,036.52","171.72M","-0.51%"
"Feb 05, 2020","8,094.36","8,138.40","8,179.31","8,084.91","153.27M","-0.54%"
"Feb 04, 2020","8,138.40","8,112.69","8,149.08","8,120.95","148.54M","0.32%"
"Feb 03, 2020","8,112.69","8,157.51","8,194.73","8,112.69","151.23M","-0.55%"
"Feb 02, 2020","8,157.51","8,246.59","8,187.98","8,138.62","157.67M","-1.08%"
"Jan 30, 2020","8,246.59","8,185.51","8,255.41","8,166.76","145.69M","0.75%"
"Jan 29, 2020","8,185.51","8,166.08","8,216.66","8,156.42","143.04M","0.24%"
"Jan 28, 2020","8,166.08","8,178.47","8,206.14","8,153.03","133.75M","-0.15%"
"Jan 27, 2020","8,178.47","8,326.97","8,335.20","8,178.47","174.69M","-1.78%"
"Jan 26, 2020","8,326.97","8,386.35","8,360.52","8,319.22","175.17M","-0.71%"
"Jan 23, 2020","8,386.35","8,428.21","8,412.60","8,356.32","181.02M","-0.50%"
"Jan 22, 2020","8,428.21","8,445.33","8,470.57","8,428.21","170.02M","-0.20%"
"Jan 21, 2020","8,445.33","8,469.71","8,465.72","8,431.01","174.82M","-0.29%"
"Jan 20, 2020","8,469.71","8,449.29","8,473.50","8,437.69","174.43M","0.24%"
"Jan 19, 2020","8,449.29","8,459.80","8,490.38","8,441.55","158.06M","-0.12%"
"Jan 16, 2020","8,459.80","8,432.56","8,459.80","8,423.46","168.72M","0.32%"
"Jan 15, 2020","8,432.56","8,474.81","8,480.85","8,432.56","217.03M","-0.50%"
"Jan 14, 2020","8,474.81","8,441.14","8,479.35","8,419.82","206.94M","0.40%"
"Jan 13, 2020","8,441.14","8,371.13","8,455.24","8,370.12","189.62M","0.84%"
"Jan 12, 2020","8,371.13","8,345.77","8,406.23","8,358.88","168.53M","0.30%"
"Jan 09, 2020","8,345.77","8,124.11","8,345.77","8,226.28","183.50M","2.73%"
"Jan 08, 2020","8,124.11","8,198.97","8,169.16","8,076.79","160.90M","-0.91%"
"Jan 07, 2020","8,198.97","8,206.13","8,269.31","8,181.94","143.52M","-0.09%"
"Jan 06, 2020","8,206.13","8,193.72","8,210.81","8,123.91","157.83M","0.15%"
"Jan 05, 2020","8,193.72","8,397.01","8,305.33","8,189.95","175.92M","-2.42%"
"Jan 02, 2020","8,397.01","8,358.85","8,397.01","8,368.21","147.58M","0.46%"
"Jan 01, 2020","8,358.85","8,389.23","8,389.86","8,354.95","146.53M","-0.36%"
"Dec 31, 2019","8,389.23","8,345.01","8,389.23","8,323.89","156.03M","0.53%"
"Dec 30, 2019","8,345.01","8,411.94","8,419.75","8,345.01","179.16M","-0.80%"
"Dec 29, 2019","8,411.94","8,353.14","8,423.37","8,358.33","190.68M","0.70%"
"Dec 26, 2019","8,353.14","8,342.79","8,370.23","8,316.75","155.85M","0.12%"
"Dec 25, 2019","8,342.79","8,419.84","8,424.00","8,333.28","200.42M","-0.92%"
"Dec 24, 2019","8,419.84","8,416.39","8,439.75","8,389.19","222.34M","0.04%"
"Dec 23, 2019","8,416.39","8,300.73","8,416.39","8,303.94","219.69M","1.39%"
"Dec 22, 2019","8,300.73","8,291.39","8,300.73","8,272.77","173.49M","0.11%"
"Dec 19, 2019","8,291.39","8,253.43","8,307.85","8,223.73","294.00M","0.46%"
"Dec 18, 2019","8,253.43","8,197.39","8,267.72","8,169.96","243.30M","0.68%"
"Dec 17, 2019","8,197.39","8,138.99","8,197.39","8,130.05","281.27M","0.72%"
"Dec 16, 2019","8,138.99","8,049.50","8,211.73","8,056.76","234.28M","1.11%"
"Dec 15, 2019","8,049.50","8,005.77","8,100.40","8,023.60","194.84M","0.55%"
"Dec 12, 2019","8,005.77","8,133.72","8,161.05","8,005.77","540.68M","-1.57%"
"Dec 11, 2019","8,133.72","8,066.42","8,167.94","8,078.78","179.05M","0.83%"
"Dec 10, 2019","8,066.42","8,120.01","8,132.86","8,066.42","107.85M","-0.66%"
"Dec 09, 2019","8,120.01","8,098.74","8,209.32","8,112.32","160.57M","0.26%"
"Dec 08, 2019","8,098.74","7,905.51","8,114.20","7,907.58","129.82M","2.44%"
"Dec 05, 2019","7,905.51","7,871.20","7,924.94","7,845.77","94.27M","0.44%"
"Dec 04, 2019","7,871.20","7,883.03","7,885.72","7,808.54","102.35M","-0.15%"
"Dec 03, 2019","7,883.03","7,833.38","7,888.41","7,831.18","103.27M","0.63%"
"Dec 02, 2019","7,833.38","7,901.93","7,916.51","7,827.66","80.78M","-0.87%"
"Dec 01, 2019","7,901.93","7,859.06","7,910.63","7,859.16","62.06M","0.55%"
"Nov 28, 2019","7,859.06","7,853.08","7,889.10","7,823.28","82.00M","0.08%"
"Nov 27, 2019","7,853.08","7,877.83","7,927.60","7,825.72","90.16M","-0.31%"
"Nov 26, 2019","7,877.83","8,013.69","8,024.69","7,877.83","190.10M","-1.70%"
"Nov 25, 2019","8,013.69","7,999.57","8,026.62","7,944.93","104.95M","0.18%"
"Nov 24, 2019","7,999.57","8,062.61","8,084.89","7,999.57","82.46M","-0.78%"
"Nov 21, 2019","8,062.61","8,054.06","8,062.61","8,030.91","177.28M","0.11%"
"Nov 20, 2019","8,054.06","8,045.32","8,054.49","8,018.21","105.73M","0.11%"
"Nov 19, 2019","8,045.32","8,000.33","8,045.32","7,993.01","120.00M","0.56%"
"Nov 18, 2019","8,000.33","7,927.95","8,000.33","7,933.83","110.37M","0.91%"
"Nov 17, 2019","7,927.95","7,924.19","7,952.64","7,871.28","76.37M","0.05%"
"Nov 14, 2019","7,924.19","7,932.52","7,988.02","7,908.04","149.47M","-0.11%"
"Nov 13, 2019","7,932.52","7,981.31","8,020.88","7,907.46","119.67M","-0.61%"
"Nov 12, 2019","7,981.31","7,922.41","7,990.68","7,909.86","112.32M","0.74%"
"Nov 11, 2019","7,922.41","7,874.58","7,922.41","7,878.76","106.19M","0.61%"
"Nov 10, 2019","7,874.58","7,798.25","7,904.07","7,819.72","106.85M","0.98%"
"Nov 07, 2019","7,798.25","7,749.26","7,844.70","7,739.75","117.21M","0.63%"
"Nov 06, 2019","7,749.26","7,782.28","7,793.88","7,737.81","87.95M","-0.42%"
"Nov 05, 2019","7,782.28","7,653.21","7,782.28","7,642.52","108.45M","1.69%"
"Nov 04, 2019","7,653.21","7,590.33","7,653.21","7,559.16","92.04M","0.83%"
"Nov 03, 2019","7,590.33","7,744.08","7,691.94","7,558.08","85.80M","-1.99%"
"Oct 31, 2019","7,744.08","7,792.76","7,777.37","7,719.04","80.83M","-0.62%"
"Oct 30, 2019","7,792.76","7,693.61","7,792.76","7,659.01","103.38M","1.29%"
"Oct 29, 2019","7,693.61","7,784.71","7,786.66","7,652.91","131.12M","-1.17%"
"Oct 28, 2019","7,784.71","7,891.73","7,893.14","7,779.95","104.96M","-1.36%"
"Oct 27, 2019","7,891.73","7,913.28","7,924.14","7,879.14","86.70M","-0.27%"
"Oct 24, 2019","7,913.28","7,887.36","7,913.28","7,858.45","101.37M","0.33%"
"Oct 23, 2019","7,887.36","7,872.74","7,892.63","7,824.51","116.69M","0.19%"
"Oct 22, 2019","7,872.74","7,764.09","7,877.62","7,766.81","134.32M","1.40%"
"Oct 21, 2019","7,764.09","7,784.94","7,796.25","7,693.26","109.21M","-0.27%"
"Oct 20, 2019","7,784.94","7,635.82","7,812.39","7,708.91","132.96M","1.95%"
"Oct 17, 2019","7,635.82","7,518.37","7,635.82","7,493.51","100.82M","1.56%"
"Oct 16, 2019","7,518.37","7,481.53","7,524.85","7,396.60","104.24M","0.49%"
"Oct 15, 2019","7,481.53","7,599.06","7,604.54","7,481.53","90.45M","-1.55%"
"Oct 14, 2019","7,599.06","7,631.02","7,645.81","7,578.05","133.34M","-0.42%"
"Oct 13, 2019","7,631.02","7,695.48","7,763.44","7,631.02","74.35M","-0.84%"
"Oct 10, 2019","7,695.48","7,715.89","7,727.04","7,634.78","89.30M","-0.26%"
"Oct 09, 2019","7,715.89","7,832.93","7,833.03","7,715.89","91.70M","-1.49%"
"Oct 08, 2019","7,832.93","7,878.23","7,884.58","7,771.34","109.80M","-0.57%"
"Oct 07, 2019","7,878.23","7,962.77","7,973.32","7,878.23","106.33M","-1.06%"
"Oct 06, 2019","7,962.77","7,921.15","7,985.77","7,941.12","103.92M","0.53%"
"Oct 03, 2019","7,921.15","7,984.43","7,957.37","7,903.09","111.62M","-0.79%"
"Oct 02, 2019","7,984.43","8,052.71","8,056.33","7,964.95","116.90M","-0.85%"
"Oct 01, 2019","8,052.71","8,091.76","8,128.37","8,052.71","121.90M","-0.48%"
"Sep 30, 2019","8,091.76","8,055.26","8,111.61","8,059.91","135.00M","0.45%"
"Sep 29, 2019","8,055.26","8,028.19","8,068.73","8,022.98","86.25M","0.34%"
"Sep 26, 2019","8,028.19","8,030.29","8,060.03","8,010.28","100.49M","-0.03%"
"Sep 25, 2019","8,030.29","8,069.55","8,073.26","7,994.92","129.77M","-0.49%"
"Sep 24, 2019","8,069.55","7,954.14","8,073.25","7,948.93","109.72M","1.45%"
"Sep 22, 2019","7,954.14","7,926.82","7,959.52","7,884.04","78.13M","0.34%"
"Sep 19, 2019","7,926.82","7,821.23","7,926.82","7,769.18","260.85M","1.35%"
"Sep 18, 2019","7,821.23","7,770.55","7,835.06","7,783.55","104.28M","0.65%"
"Sep 17, 2019","7,770.55","7,827.17","7,834.09","7,713.89","107.87M","-0.72%"
"Sep 16, 2019","7,827.17","7,749.46","7,835.22","7,720.15","121.06M","1.00%"
"Sep 15, 2019","7,749.46","7,831.80","7,770.92","7,589.50","106.95M","-1.05%"
"Sep 12, 2019","7,831.80","7,855.30","7,873.70","7,803.63","97.31M","-0.30%"
"Sep 11, 2019","7,855.30","7,965.13","7,953.49","7,767.37","121.56M","-1.38%"
"Sep 10, 2019","7,965.13","8,055.24","8,049.93","7,939.27","118.05M","-1.12%"
"Sep 09, 2019","8,055.24","8,050.88","8,055.24","7,999.18","104.48M","0.05%"
"Sep 08, 2019","8,050.88","8,054.75","8,099.63","8,040.52","110.92M","-0.05%"
"Sep 05, 2019","8,054.75","8,058.39","8,122.08","8,010.35","146.05M","-0.05%"
"Sep 04, 2019","8,058.39","7,924.18","8,058.39","7,929.17","137.37M","1.69%"
"Sep 03, 2019","7,924.18","7,971.14","8,000.72","7,924.18","133.47M","-0.59%"
"Sep 02, 2019","7,971.14","7,912.30","7,972.98","7,857.96","132.72M","0.74%"
"Sep 01, 2019","7,912.30","8,019.77","8,032.77","7,893.45","93.70M","-1.34%"
"Aug 29, 2019","8,019.77","8,171.17","8,193.19","8,013.69","146.93M","-1.85%"
"Aug 28, 2019","8,171.17","8,285.54","8,268.78","8,149.13","167.14M","-1.38%"
"Aug 27, 2019","8,285.54","8,257.86","8,320.96","8,086.91","766.04M","0.34%"
"Aug 26, 2019","8,257.86","8,241.67","8,264.81","8,143.40","125.95M","0.20%"
"Aug 25, 2019","8,241.67","8,445.66","8,410.60","8,233.49","99.55M","-2.42%"
"Aug 22, 2019","8,445.66","8,508.93","8,530.40","8,371.29","202.65M","-0.74%"
"Aug 21, 2019","8,508.93","8,589.75","8,596.92","8,508.93","106.71M","-0.94%"
"Aug 20, 2019","8,589.75","8,565.79","8,627.47","8,574.35","117.84M","0.28%"
"Aug 19, 2019","8,565.79","8,527.41","8,625.18","8,544.74","118.62M","0.45%"
"Aug 18, 2019","8,527.41","8,550.23","8,571.63","8,505.39","94.99M","-0.27%"
"Aug 08, 2019","8,550.23","8,482.95","8,554.44","8,448.84","118.81M","0.79%"
"Aug 07, 2019","8,482.95","8,394.07","8,517.28","8,412.94","111.43M","1.06%"
"Aug 06, 2019","8,394.07","8,465.25","8,412.13","8,320.49","120.84M","-0.84%"
"Aug 05, 2019","8,465.25","8,557.09","8,560.03","8,441.27","116.22M","-1.07%"
"Aug 04, 2019","8,557.09","8,666.39","8,621.36","8,514.74","95.57M","-1.26%"
"Aug 01, 2019","8,666.39","8,732.62","8,719.61","8,631.70","87.62M","-0.76%"
"Jul 31, 2019","8,732.62","8,740.93","8,771.11","8,723.75","91.64M","-0.10%"
"Jul 30, 2019","8,740.93","8,729.12","8,771.75","8,704.17","108.52M","0.14%"
"Jul 29, 2019","8,729.12","8,859.32","8,843.62","8,714.27","121.22M","-1.47%"
"Jul 28, 2019","8,859.32","8,819.00","8,859.32","8,755.79","80.31M","0.46%"
"Jul 25, 2019","8,819.00","8,785.74","8,819.00","8,731.72","135.18M","0.38%"
"Jul 24, 2019","8,785.74","8,796.06","8,838.15","8,763.56","89.68M","-0.12%"
"Jul 23, 2019","8,796.06","8,907.46","8,921.18","8,796.06","87.87M","-1.25%"
"Jul 22, 2019","8,907.46","8,957.80","8,985.85","8,907.46","95.93M","-0.56%"
"Jul 21, 2019","8,957.80","9,033.83","8,986.71","8,907.85","109.32M","-0.84%"
"Jul 18, 2019","9,033.83","9,075.55","9,070.14","9,033.83","131.20M","-0.46%"
"Jul 17, 2019","9,075.55","9,073.01","9,089.43","9,053.83","125.26M","0.03%"
"Jul 16, 2019","9,073.01","9,044.21","9,090.40","9,035.76","125.90M","0.32%"
"Jul 15, 2019","9,044.21","9,015.16","9,048.27","8,969.85","114.43M","0.32%"
"Jul 14, 2019","9,015.16","8,968.23","9,050.56","8,974.50","124.49M","0.52%"
"Jul 11, 2019","8,968.23","8,905.57","8,970.00","8,903.89","135.09M","0.70%"
"Jul 10, 2019","8,905.57","8,854.49","8,906.26","8,850.94","121.12M","0.58%"
"Jul 09, 2019","8,854.49","8,827.01","8,854.49","8,823.93","131.49M","0.31%"
"Jul 08, 2019","8,827.01","8,811.11","8,827.01","8,767.16","116.16M","0.18%"
"Jul 07, 2019","8,811.11","8,846.53","8,855.87","8,804.89","89.28M","-0.40%"
"Jul 04, 2019","8,846.53","8,853.47","8,880.73","8,834.87","87.54M","-0.08%"
"Jul 03, 2019","8,853.47","8,834.26","8,854.76","8,807.34","84.28M","0.22%"
"Jul 02, 2019","8,834.26","8,852.69","8,861.88","8,811.18","119.61M","-0.21%"
"Jul 01, 2019","8,852.69","8,821.76","8,852.69","8,808.62","102.87M","0.35%"
"Jun 30, 2019","8,821.76","8,796.61","8,889.00","8,813.78","109.29M","0.29%"
"Jun 27, 2019","8,796.61","8,687.08","8,811.76","8,703.64","100.53M","1.26%"
"Jun 26, 2019","8,687.08","8,649.88","8,719.61","8,661.17","177.39M","0.43%"
"Jun 25, 2019","8,649.88","8,598.97","8,649.88","8,532.50","155.95M","0.59%"
"Jun 24, 2019","8,598.97","8,739.16","8,748.91","8,495.80","138.03M","-1.60%"
"Jun 23, 2019","8,739.16","8,869.70","8,884.35","8,734.91","111.21M","-1.47%"
"Jun 20, 2019","8,869.70","8,936.26","8,953.39","8,812.21","307.05M","-0.74%"
"Jun 19, 2019","8,936.26","9,000.43","9,036.54","8,936.26","219.11M","-0.71%"
"Jun 18, 2019","9,000.43","8,975.63","9,018.71","8,924.70","204.73M","0.28%"
"Jun 17, 2019","8,975.63","8,886.84","9,001.87","8,894.56","218.81M","1.00%"
"Jun 16, 2019","8,886.84","8,941.54","8,978.27","8,864.59","130.37M","-0.61%"
"Jun 13, 2019","8,941.54","9,084.75","9,047.43","8,939.72","183.48M","-1.58%"
"Jun 12, 2019","9,084.75","8,989.72","9,084.75","8,948.65","184.87M","1.06%"
"Jun 11, 2019","8,989.72","8,849.21","8,989.72","8,821.72","178.94M","1.59%"
"Jun 10, 2019","8,849.21","8,699.22","8,866.10","8,702.34","170.00M","1.72%"
"Jun 09, 2019","8,699.22","8,516.48","8,699.22","8,549.37","99.68M","2.15%"
"May 30, 2019","8,516.48","8,413.88","8,516.48","8,391.44","95.07M","1.22%"
"May 29, 2019","8,413.88","8,550.90","8,510.36","8,366.95","114.84M","-1.60%"
"May 28, 2019","8,550.90","8,381.97","8,550.90","8,316.25","731.69M","2.02%"
"May 27, 2019","8,381.97","8,360.19","8,419.55","8,215.29","116.56M","0.26%"
"May 26, 2019","8,360.19","8,531.16","8,539.26","8,270.05","106.22M","-2.00%"
"May 23, 2019","8,531.16","8,656.17","8,662.96","8,494.43","153.10M","-1.44%"
"May 22, 2019","8,656.17","8,609.35","8,718.27","8,624.03","160.75M","0.54%"
"May 21, 2019","8,609.35","8,468.93","8,609.35","8,480.58","117.71M","1.66%"
"May 20, 2019","8,468.93","8,525.22","8,531.37","8,374.81","125.37M","-0.66%"
"May 19, 2019","8,525.22","8,621.85","8,694.12","8,511.81","101.36M","-1.12%"
"May 16, 2019","8,621.85","8,480.70","8,621.85","8,506.42","137.22M","1.66%"
"May 15, 2019","8,480.70","8,374.27","8,621.39","8,457.76","177.73M","1.27%"
"May 14, 2019","8,374.27","8,366.64","8,545.35","8,189.98","208.30M","0.09%"
"May 13, 2019","8,366.64","8,674.66","8,629.93","8,366.64","184.47M","-3.55%"
"May 12, 2019","8,674.66","8,856.94","8,855.53","8,647.13","111.70M","-2.06%"
"May 09, 2019","8,856.94","8,899.80","8,936.12","8,801.80","119.03M","-0.48%"
"May 08, 2019","8,899.80","8,968.86","8,967.62","8,860.51","101.00M","-0.77%"
"May 07, 2019","8,968.86","9,043.22","9,082.73","8,944.39","106.99M","-0.82%"
"May 06, 2019","9,043.22","9,178.96","9,141.63","8,866.78","148.05M","-1.48%"
"May 05, 2019","9,178.96","9,336.90","9,327.25","9,142.09","124.84M","-1.69%"
"May 02, 2019","9,336.90","9,361.96","9,403.05","9,329.82","139.85M","-0.27%"
"May 01, 2019","9,361.96","9,304.20","9,361.96","9,270.51","143.16M","0.62%"
"Apr 30, 2019","9,304.20","9,276.50","9,364.83","9,279.88","216.90M","0.30%"
"Apr 29, 2019","9,276.50","9,265.79","9,288.75","9,230.36","108.57M","0.12%"
"Apr 28, 2019","9,265.79","9,275.54","9,304.71","9,249.44","91.38M","-0.11%"
"Apr 25, 2019","9,275.54","9,237.77","9,275.69","9,198.33","176.82M","0.41%"
"Apr 24, 2019","9,237.77","9,227.93","9,255.10","9,204.16","119.59M","0.11%"
"Apr 23, 2019","9,227.93","9,195.02","9,252.79","9,195.97","122.49M","0.36%"
"Apr 22, 2019","9,195.02","9,239.67","9,258.77","9,186.09","158.64M","-0.48%"
"Apr 21, 2019","9,239.67","9,196.53","9,241.18","9,182.54","119.73M","0.47%"
"Apr 18, 2019","9,196.53","9,238.05","9,245.63","9,177.63","106.73M","-0.45%"
"Apr 17, 2019","9,238.05","9,139.55","9,238.05","9,133.27","166.56M","1.08%"
"Apr 16, 2019","9,139.55","9,088.13","9,141.67","9,082.87","133.34M","0.57%"
"Apr 15, 2019","9,088.13","9,055.34","9,092.96","9,051.27","123.84M","0.36%"
"Apr 14, 2019","9,055.34","9,087.97","9,083.27","9,042.65","100.69M","-0.36%"
"Apr 11, 2019","9,087.97","9,077.20","9,099.81","9,064.85","132.54M","0.12%"
"Apr 10, 2019","9,077.20","9,047.58","9,077.20","9,020.38","116.31M","0.33%"
"Apr 09, 2019","9,047.58","9,037.97","9,054.45","9,022.69","112.13M","0.11%"
"Apr 08, 2019","9,037.97","9,011.11","9,037.97","8,944.45","117.54M","0.30%"
"Apr 07, 2019","9,011.11","9,063.88","9,100.83","8,988.42","120.48M","-0.58%"
"Apr 04, 2019","9,063.88","8,985.48","9,065.69","8,936.21","141.25M","0.87%"
"Apr 03, 2019","8,985.48","8,934.69","8,989.67","8,934.99","178.06M","0.57%"
"Apr 02, 2019","8,934.69","8,896.55","8,934.69","8,865.25","129.98M","0.43%"
"Apr 01, 2019","8,896.55","8,819.44","8,896.55","8,816.91","109.89M","0.87%"
"Mar 31, 2019","8,819.44","8,788.84","8,826.71","8,782.24","108.42M","0.35%"
"Mar 28, 2019","8,788.84","8,766.33","8,826.65","8,749.24","123.03M","0.26%"
"Mar 27, 2019","8,766.33","8,678.88","8,766.33","8,667.87","122.12M","1.01%"
"Mar 26, 2019","8,678.88","8,666.69","8,685.35","8,647.96","130.81M","0.14%"
"Mar 25, 2019","8,666.69","8,647.17","8,668.81","8,591.03","127.64M","0.23%"
"Mar 24, 2019","8,647.17","8,708.66","8,686.15","8,643.66","115.43M","-0.71%"
"Mar 21, 2019","8,708.66","8,640.52","8,714.13","8,635.17","118.73M","0.79%"
"Mar 20, 2019","8,640.52","8,658.95","8,655.16","8,614.32","164.17M","-0.21%"
"Mar 19, 2019","8,658.95","8,653.16","8,666.54","8,630.13","177.61M","0.07%"
"Mar 18, 2019","8,653.16","8,563.44","8,653.16","8,539.12","159.30M","1.05%"
"Mar 17, 2019","8,563.44","8,582.88","8,606.45","8,553.37","135.47M","-0.23%"
"Mar 14, 2019","8,582.88","8,526.68","8,585.70","8,536.94","185.79M","0.66%"
"Mar 13, 2019","8,526.68","8,446.07","8,526.68","8,456.93","136.06M","0.95%"
"Mar 12, 2019","8,446.07","8,426.29","8,446.07","8,412.16","115.38M","0.23%"
"Mar 11, 2019","8,426.29","8,465.75","8,466.86","8,410.81","113.14M","-0.47%"
"Mar 10, 2019","8,465.75","8,479.16","8,515.25","8,461.33","130.40M","-0.16%"
"Mar 07, 2019","8,479.16","8,534.16","8,524.55","8,437.93","119.02M","-0.64%"
"Mar 06, 2019","8,534.16","8,561.37","8,560.38","8,516.00","99.04M","-0.32%"
"Mar 05, 2019","8,561.37","8,565.42","8,567.16","8,539.40","118.91M","-0.05%"
"Mar 04, 2019","8,565.42","8,534.27","8,565.42","8,517.21","112.20M","0.37%"
"Mar 03, 2019","8,534.27","8,492.70","8,554.72","8,497.18","112.92M","0.49%"
"Feb 28, 2019","8,492.70","8,472.50","8,502.42","8,444.31","111.64M","0.24%"
"Feb 27, 2019","8,472.50","8,456.22","8,472.50","8,389.99","104.28M","0.19%"
"Feb 26, 2019","8,456.22","8,433.09","8,456.95","8,375.44","81.85M","0.27%"
"Feb 25, 2019","8,433.09","8,513.27","8,515.51","8,410.34","112.05M","-0.94%"
"Feb 24, 2019","8,513.27","8,547.48","8,556.25","8,513.27","93.87M","-0.40%"
"Feb 21, 2019","8,547.48","8,567.24","8,573.82","8,512.72","77.32M","-0.23%"
"Feb 20, 2019","8,567.24","8,516.60","8,567.24","8,509.32","75.20M","0.59%"
"Feb 19, 2019","8,516.60","8,569.83","8,570.77","8,506.26","105.88M","-0.62%"
"Feb 18, 2019","8,569.83","8,592.01","8,607.45","8,562.65","123.10M","-0.26%"
"Feb 17, 2019","8,592.01","8,626.28","8,635.98","8,589.03","77.33M","-0.40%"
"Feb 14, 2019","8,626.28","8,617.22","8,630.01","8,579.10","92.49M","0.11%"
"Feb 13, 2019","8,617.22","8,600.32","8,661.31","8,600.90","104.58M","0.20%"
"Feb 12, 2019","8,600.32","8,543.39","8,600.32","8,532.35","119.74M","0.67%"
"Feb 11, 2019","8,543.39","8,573.21","8,586.86","8,531.39","91.53M","-0.35%"
"Feb 10, 2019","8,573.21","8,612.84","8,633.77","8,558.43","91.36M","-0.46%"
"Feb 07, 2019","8,612.84","8,633.33","8,648.79","8,609.26","101.43M","-0.24%"
"Feb 06, 2019","8,633.33","8,623.92","8,677.73","8,616.50","125.90M","0.11%"
"Feb 05, 2019","8,623.92","8,520.64","8,624.77","8,523.98","131.29M","1.21%"
"Feb 04, 2019","8,520.64","8,526.71","8,568.61","8,506.78","108.30M","-0.07%"
"Feb 03, 2019","8,526.71","8,559.95","8,590.66","8,514.63","109.55M","-0.39%"
"Jan 31, 2019","8,559.95","8,583.63","8,623.18","8,559.95","149.82M","-0.28%"
"Jan 30, 2019","8,583.63","8,581.48","8,604.01","8,556.43","152.17M","0.03%"
"Jan 29, 2019","8,581.48","8,623.93","8,635.59","8,539.60","152.13M","-0.49%"
"Jan 28, 2019","8,623.93","8,509.43","8,623.93","8,504.78","199.58M","1.35%"
"Jan 27, 2019","8,509.43","8,434.89","8,528.30","8,408.84","166.69M","0.88%"
"Jan 24, 2019","8,434.89","8,466.10","8,456.43","8,420.28","106.39M","-0.37%"
"Jan 23, 2019","8,466.10","8,399.40","8,466.10","8,406.08","115.25M","0.79%"
"Jan 22, 2019","8,399.40","8,402.04","8,419.71","8,386.43","114.27M","-0.03%"
"Jan 21, 2019","8,402.04","8,383.52","8,402.04","8,267.63","173.72M","0.22%"
"Jan 20, 2019","8,383.52","8,448.02","8,468.62","8,372.51","104.90M","-0.76%"
"Jan 17, 2019","8,448.02","8,406.47","8,448.02","8,380.58","107.18M","0.49%"
"Jan 16, 2019","8,406.47","8,347.25","8,423.62","8,356.88","137.61M","0.71%"
"Jan 15, 2019","8,347.25","8,270.55","8,352.62","8,261.97","117.89M","0.93%"
"Jan 14, 2019","8,270.55","8,291.66","8,306.51","8,262.87","121.52M","-0.25%"
"Jan 13, 2019","8,291.66","8,210.16","8,310.99","8,195.05","118.55M","0.99%"
"Jan 10, 2019","8,210.16","8,146.68","8,230.13","8,153.88","134.56M","0.78%"
"Jan 09, 2019","8,146.68","8,057.04","8,146.68","8,058.03","141.93M","1.11%"
"Jan 08, 2019","8,057.04","8,047.58","8,071.97","8,007.34","139.84M","0.12%"
"Jan 07, 2019","8,047.58","7,932.24","8,050.72","7,936.02","130.10M","1.45%"
"Jan 06, 2019","7,932.24","7,830.47","7,933.90","7,894.05","98.08M","1.30%"
"Jan 03, 2019","7,830.47","7,790.86","7,834.53","7,774.88","72.17M","0.51%"
"Jan 02, 2019","7,790.86","7,798.39","7,795.83","7,765.84","66.31M","-0.10%"
"Jan 01, 2019","7,798.39","7,826.73","7,832.24","7,795.02","62.44M","-0.36%"
"Dec 31, 2018","7,826.73","7,809.77","7,837.92","7,806.62","75.26M","0.22%"
"Dec 30, 2018","7,809.77","7,749.32","7,814.87","7,763.32","64.42M","0.78%"
"Dec 27, 2018","7,749.32","7,710.93","7,813.85","7,749.32","97.41M","0.50%"
"Dec 26, 2018","7,710.93","7,717.75","7,740.49","7,698.44","88.17M","-0.09%"
"Dec 25, 2018","7,717.75","7,764.51","7,724.88","7,677.30","114.09M","-0.60%"
"Dec 24, 2018","7,764.51","7,730.58","7,773.83","7,722.35","110.40M","0.44%"
"Dec 23, 2018","7,730.58","7,753.36","7,732.94","7,589.23","115.70M","-0.29%"
"Dec 20, 2018","7,753.36","7,860.35","7,851.81","7,724.21","133.32M","-1.36%"
"Dec 19, 2018","7,860.35","7,943.39","7,925.45","7,854.50","112.42M","-1.05%"
"Dec 18, 2018","7,943.39","7,968.26","7,975.24","7,934.30","127.23M","-0.31%"
"Dec 17, 2018","7,968.26","7,908.07","7,972.17","7,914.05","136.39M","0.76%"
"Dec 16, 2018","7,908.07","7,914.29","7,920.10","7,872.46","135.27M","-0.08%"
"Dec 13, 2018","7,914.29","7,890.09","7,926.79","7,888.92","105.40M","0.31%"
"Dec 12, 2018","7,890.09","7,838.94","7,890.09","7,840.93","126.48M","0.65%"
"Dec 11, 2018","7,838.94","7,819.67","7,838.94","7,793.00","99.34M","0.25%"
"Dec 10, 2018","7,819.67","7,839.27","7,851.93","7,804.62","98.16M","-0.25%"
"Dec 09, 2018","7,839.27","7,848.98","7,875.41","7,828.39","95.88M","-0.12%"
"Dec 06, 2018","7,848.98","7,883.63","7,872.72","7,828.25","144.84M","-0.44%"
"Dec 05, 2018","7,883.63","7,905.12","7,892.24","7,823.25","118.03M","-0.27%"
"Dec 04, 2018","7,905.12","7,916.79","7,921.51","7,886.23","165.96M","-0.15%"
"Dec 03, 2018","7,916.79","7,845.02","7,931.56","7,867.76","159.25M","0.91%"
"Dec 02, 2018","7,845.02","7,702.99","7,853.69","7,715.79","130.47M","1.84%"
"Nov 29, 2018","7,702.99","7,632.50","7,702.99","7,628.48","155.58M","0.92%"
"Nov 28, 2018","7,632.50","7,573.48","7,640.43","7,575.39","151.37M","0.78%"
"Nov 27, 2018","7,573.48","7,528.90","7,578.63","7,536.49","104.96M","0.59%"
"Nov 26, 2018","7,528.90","7,512.57","7,548.78","7,517.61","96.13M","0.22%"
"Nov 25, 2018","7,512.57","7,607.32","7,579.71","7,501.52","101.84M","-1.25%"
"Nov 22, 2018","7,607.32","7,514.36","7,608.01","7,522.02","124.51M","1.24%"
"Nov 21, 2018","7,514.36","7,504.94","7,514.76","7,464.04","119.59M","0.13%"
"Nov 20, 2018","7,504.94","7,560.13","7,567.39","7,504.94","106.01M","-0.73%"
"Nov 19, 2018","7,560.13","7,496.91","7,570.41","7,473.27","120.75M","0.84%"
"Nov 18, 2018","7,496.91","7,662.17","7,664.41","7,494.94","142.75M","-2.16%"
"Nov 15, 2018","7,662.17","7,659.88","7,684.90","7,628.69","128.50M","0.03%"
"Nov 14, 2018","7,659.88","7,750.95","7,701.45","7,642.66","151.80M","-1.17%"
"Nov 13, 2018","7,750.95","7,774.99","7,786.09","7,731.79","141.69M","-0.31%"
"Nov 12, 2018","7,774.99","7,711.11","7,774.99","7,714.41","125.54M","0.83%"
"Nov 11, 2018","7,711.11","7,743.39","7,735.80","7,657.06","123.69M","-0.42%"
"Nov 08, 2018","7,743.39","7,792.56","7,802.16","7,743.39","123.11M","-0.63%"
"Nov 07, 2018","7,792.56","7,812.34","7,818.65","7,780.77","133.11M","-0.25%"
"Nov 06, 2018","7,812.34","7,802.27","7,836.24","7,798.57","127.05M","0.13%"
"Nov 05, 2018","7,802.27","7,846.93","7,853.48","7,784.75","138.68M","-0.57%"
"Nov 04, 2018","7,846.93","7,879.37","7,887.26","7,839.46","117.11M","-0.41%"
"Nov 01, 2018","7,879.37","7,907.01","7,924.48","7,868.05","166.16M","-0.35%"
"Oct 31, 2018","7,907.01","7,832.98","7,917.99","7,836.74","182.29M","0.95%"
"Oct 30, 2018","7,832.98","7,847.51","7,861.89","7,813.39","148.33M","-0.19%"
"Oct 29, 2018","7,847.51","7,802.65","7,904.97","7,818.25","187.57M","0.57%"
"Oct 28, 2018","7,802.65","7,835.55","7,837.75","7,767.75","129.59M","-0.42%"
"Oct 25, 2018","7,835.55","7,512.52","7,854.25","7,574.03","319.60M","4.30%"
"Oct 24, 2018","7,512.52","7,549.77","7,613.94","7,503.36","127.66M","-0.49%"
"Oct 23, 2018","7,549.77","7,648.64","7,701.11","7,514.84","198.10M","-1.29%"
"Oct 22, 2018","7,648.64","7,660.21","7,648.64","7,403.79","211.14M","-0.15%"
"Oct 21, 2018","7,660.21","7,648.15","7,660.21","7,355.47","188.75M","0.16%"
"Oct 18, 2018","7,648.15","7,657.87","7,673.99","7,620.35","114.55M","-0.13%"
"Oct 17, 2018","7,657.87","7,666.80","7,702.99","7,628.58","156.65M","-0.12%"
"Oct 16, 2018","7,666.80","7,567.57","7,666.80","7,262.65","286.06M","1.31%"
"Oct 15, 2018","7,567.57","7,266.59","7,567.57","7,305.90","225.84M","4.14%"
"Oct 14, 2018","7,266.59","7,530.80","7,471.84","7,001.94","251.11M","-3.51%"
"Oct 11, 2018","7,530.80","7,834.79","7,834.48","7,511.23","171.59M","-3.88%"
"Oct 10, 2018","7,834.79","7,904.74","7,907.87","7,824.89","103.23M","-0.88%"
"Oct 09, 2018","7,904.74","7,939.17","7,948.31","7,896.34","117.70M","-0.43%"
"Oct 08, 2018","7,939.17","7,893.62","7,943.98","7,862.21","117.92M","0.58%"
"Oct 07, 2018","7,893.62","7,997.61","8,005.31","7,869.40","129.96M","-1.30%"
"Oct 04, 2018","7,997.61","8,008.55","8,028.36","7,982.06","104.15M","-0.14%"
"Oct 03, 2018","8,008.55","7,981.19","8,010.47","7,940.43","126.53M","0.34%"
"Oct 02, 2018","7,981.19","8,038.07","8,062.28","7,967.17","133.85M","-0.71%"
"Oct 01, 2018","8,038.07","7,999.54","8,038.59","7,987.74","124.58M","0.48%"
"Sep 30, 2018","7,999.54","7,898.68","8,007.33","7,915.11","118.76M","1.28%"
"Sep 27, 2018","7,898.68","7,893.55","7,930.45","7,882.68","169.08M","0.06%"
"Sep 26, 2018","7,893.55","7,905.27","7,940.64","7,867.90","114.23M","-0.15%"
"Sep 25, 2018","7,905.27","7,768.31","7,908.42","7,782.09","121.41M","1.76%"
"Sep 20, 2018","7,768.31","7,729.65","7,769.33","7,706.61","103.02M","0.50%"
"Sep 19, 2018","7,729.65","7,643.40","7,732.26","7,637.05","118.25M","1.13%"
"Sep 18, 2018","7,643.40","7,609.65","7,667.80","7,581.52","124.37M","0.44%"
"Sep 17, 2018","7,609.65","7,469.81","7,609.68","7,407.27","142.02M","1.87%"
"Sep 16, 2018","7,469.81","7,590.65","7,601.92","7,451.46","116.83M","-1.59%"
"Sep 13, 2018","7,590.65","7,635.38","7,631.27","7,535.43","92.33M","-0.59%"
"Sep 12, 2018","7,635.38","7,693.07","7,726.68","7,600.05","104.24M","-0.75%"
"Sep 11, 2018","7,693.07","7,706.34","7,719.14","7,675.14","79.71M","-0.17%"
"Sep 10, 2018","7,706.34","7,729.07","7,775.54","7,684.18","104.48M","-0.29%"
"Sep 09, 2018","7,729.07","7,687.76","7,737.19","7,616.32","94.70M","0.54%"
"Sep 06, 2018","7,687.76","7,719.10","7,754.94","7,552.47","159.04M","-0.41%"
"Sep 05, 2018","7,719.10","7,968.24","7,976.52","7,601.82","176.14M","-3.13%"
"Sep 04, 2018","7,968.24","7,942.43","8,002.38","7,934.99","109.59M","0.32%"
"Sep 03, 2018","7,942.43","7,915.07","7,955.28","7,914.40","90.25M","0.35%"
"Sep 02, 2018","7,915.07","7,948.25","7,943.70","7,876.70","91.69M","-0.42%"
"Aug 30, 2018","7,948.25","8,018.54","8,015.21","7,921.99","87.81M","-0.88%"
"Aug 29, 2018","8,018.54","8,036.56","8,037.05","7,970.59","94.15M","-0.22%"
"Aug 28, 2018","8,036.56","8,000.13","8,036.56","8,002.76","90.18M","0.46%"
"Aug 27, 2018","8,000.13","7,978.83","8,045.16","7,967.83","76.84M","0.27%"
"Aug 26, 2018","7,978.83","7,903.85","7,988.10","7,903.53","74.68M","1.42%"
"Aug 16, 2018","7,867.16","7,865.68","7,867.16","7,826.34","92.39M","0.02%"
"Aug 15, 2018","7,865.68","7,893.18","7,912.94","7,834.48","90.88M","-0.35%"
"Aug 14, 2018","7,893.18","7,872.79","7,962.93","7,862.88","126.79M","0.26%"
"Aug 13, 2018","7,872.79","8,064.92","8,062.67","7,839.58","141.74M","-2.38%"
"Aug 12, 2018","8,064.92","8,176.18","8,141.40","8,056.79","133.75M","-1.36%"
"Aug 09, 2018","8,176.18","8,210.29","8,205.10","8,165.90","171.67M","-0.42%"
"Aug 08, 2018","8,210.29","8,242.82","8,258.34","8,205.46","155.66M","-0.39%"
"Aug 07, 2018","8,242.82","8,230.13","8,242.82","8,208.82","155.78M","0.15%"
"Aug 06, 2018","8,230.13","8,242.71","8,250.48","8,221.16","145.75M","-0.15%"
"Aug 05, 2018","8,242.71","8,253.54","8,262.86","8,230.90","131.09M","-0.13%"
"Aug 02, 2018","8,253.54","8,288.98","8,288.55","8,232.36","126.61M","-0.43%"
"Aug 01, 2018","8,288.98","8,294.83","8,313.57","8,284.98","125.16M","-0.07%"
"Jul 31, 2018","8,294.83","8,309.37","8,332.61","8,293.73","132.04M","-0.17%"
"Jul 30, 2018","8,309.37","8,307.42","8,334.31","8,284.69","158.52M","0.02%"
"Jul 29, 2018","8,307.42","8,367.70","8,372.34","8,286.42","144.09M","-0.72%"
"Jul 26, 2018","8,367.70","8,399.83","8,404.95","8,346.79","120.84M","-0.38%"
"Jul 25, 2018","8,399.83","8,405.82","8,420.32","8,389.01","105.28M","-0.07%"
"Jul 24, 2018","8,405.82","8,448.48","8,455.75","8,402.60","125.76M","-0.50%"
"Jul 23, 2018","8,448.48","8,466.62","8,502.92","8,444.74","160.80M","-0.21%"
"Jul 22, 2018","8,466.62","8,449.97","8,487.13","8,450.05","104.96M","0.20%"
"Jul 19, 2018","8,449.97","8,452.30","8,457.31","8,426.93","111.74M","-0.03%"
"Jul 18, 2018","8,452.30","8,462.59","8,471.14","8,435.55","107.31M","-0.12%"
"Jul 17, 2018","8,462.59","8,490.75","8,483.22","8,437.67","106.02M","-0.33%"
"Jul 16, 2018","8,490.75","8,405.09","8,490.75","8,400.21","124.48M","1.02%"
"Jul 15, 2018","8,405.09","8,362.41","8,408.91","8,357.58","109.23M","0.51%"
"Jul 12, 2018","8,362.41","8,388.66","8,372.11","8,324.36","106.46M","-0.31%"
"Jul 11, 2018","8,388.66","8,417.91","8,426.15","8,367.86","115.57M","-0.35%"
"Jul 10, 2018","8,417.91","8,326.59","8,425.51","8,324.09","141.12M","1.10%"
"Jul 09, 2018","8,326.59","8,222.53","8,329.63","8,218.82","124.01M","1.27%"
"Jul 08, 2018","8,222.53","8,177.61","8,222.53","8,167.37","105.52M","0.55%"
"Jul 05, 2018","8,177.61","8,247.39","8,249.76","8,174.96","133.40M","-0.85%"
"Jul 04, 2018","8,247.39","8,235.56","8,252.27","8,200.99","107.90M","0.14%"
"Jul 03, 2018","8,235.56","8,274.98","8,286.39","8,220.88","121.27M","-0.48%"
"Jul 02, 2018","8,274.98","8,339.86","8,345.18","8,266.61","162.45M","-0.78%"
"Jul 01, 2018","8,339.86","8,314.19","8,355.91","8,322.18","152.35M","0.31%"
"Jun 28, 2018","8,314.19","8,317.27","8,339.09","8,286.12","154.45M","-0.04%"
"Jun 27, 2018","8,317.27","8,298.89","8,318.70","8,293.74","118.64M","0.22%"
"Jun 26, 2018","8,298.89","8,342.35","8,330.98","8,279.45","124.68M","-0.52%"
"Jun 25, 2018","8,342.35","8,350.96","8,360.44","8,317.27","145.68M","-0.10%"
"Jun 24, 2018","8,350.96","8,206.40","8,362.77","8,224.22","115.69M","1.76%"
"Jun 21, 2018","8,206.40","8,166.30","8,229.93","8,154.36","76.08M","0.49%"
"Jun 20, 2018","8,166.30","8,270.46","8,283.50","8,157.50","80.32M","-1.26%"
"Jun 12, 2018","8,270.46","8,243.97","8,278.48","8,219.27","100.34M","0.32%"
"Jun 11, 2018","8,243.97","8,278.51","8,295.09","8,216.28","111.81M","-0.42%"
"Jun 10, 2018","8,278.51","8,344.39","8,354.87","8,249.19","117.20M","-0.79%"
"Jun 07, 2018","8,344.39","8,383.23","8,396.09","8,297.06","138.53M","-0.46%"
"Jun 06, 2018","8,383.23","8,406.90","8,461.00","8,343.64","155.63M","-0.28%"
"Jun 05, 2018","8,406.90","8,335.39","8,406.90","8,328.69","138.22M","0.86%"
"Jun 04, 2018","8,335.39","8,329.55","8,433.80","8,309.85","175.46M","0.07%"
"Jun 03, 2018","8,329.55","8,161.08","8,329.55","8,161.08","181.64M","2.06%"
"May 31, 2018","8,161.08","8,009.55","8,176.51","8,015.67","196.58M","1.89%"
"May 30, 2018","8,009.55","7,999.59","8,043.62","7,976.65","134.86M","0.12%"
"May 29, 2018","7,999.59","7,962.77","8,016.69","7,959.89","138.99M","0.46%"
"May 28, 2018","7,962.77","7,972.05","7,977.66","7,948.37","138.07M","-0.12%"
"May 27, 2018","7,972.05","8,037.81","8,044.00","7,966.57","101.48M","-0.82%"
"May 24, 2018","8,037.81","8,039.05","8,050.55","8,000.63","142.05M","-0.02%"
"May 23, 2018","8,039.05","8,044.67","8,071.55","8,018.48","137.47M","-0.07%"
"May 22, 2018","8,044.67","7,996.43","8,046.07","7,969.50","129.63M","0.60%"
"May 21, 2018","7,996.43","8,018.06","8,022.50","7,982.07","105.73M","-0.27%"
"May 20, 2018","8,018.06","8,016.85","8,060.14","8,005.42","117.07M","0.02%"
"May 17, 2018","8,016.85","7,958.47","8,025.23","7,942.26","126.45M","0.73%"
"May 16, 2018","7,958.47","8,039.29","8,048.11","7,953.52","173.51M","-1.01%"
"May 15, 2018","8,039.29","8,070.69","8,096.97","8,027.40","184.18M","-0.39%"
"May 14, 2018","8,070.69","8,023.01","8,079.91","8,019.49","237.39M","0.59%"
"May 13, 2018","8,023.01","7,914.27","8,025.07","7,914.27","182.35M","1.37%"
"May 10, 2018","7,914.27","7,878.29","7,931.39","7,811.12","187.04M","0.46%"
"May 09, 2018","7,878.29","8,012.59","8,034.19","7,858.70","187.43M","-1.68%"
"May 08, 2018","8,012.59","8,117.42","8,117.57","7,983.37","191.45M","-1.29%"
"May 07, 2018","8,117.42","8,113.87","8,122.85","8,083.99","158.92M","0.04%"
"May 06, 2018","8,113.87","8,107.47","8,171.02","8,107.47","161.89M","0.08%"
"May 03, 2018","8,107.47","8,098.75","8,113.56","8,065.40","178.69M","0.11%"
"May 02, 2018","8,098.75","8,158.06","8,172.33","8,097.52","199.39M","-0.73%"
"May 01, 2018","8,158.06","8,208.87","8,208.87","8,110.71","197.54M","-0.62%"
"Apr 30, 2018","8,208.87","8,224.94","8,237.48","8,188.12","212.70M","-0.20%"
"Apr 29, 2018","8,224.94","8,248.47","8,279.55","8,222.45","206.88M","-0.29%"
"Apr 26, 2018","8,248.47","8,233.05","8,253.86","8,165.49","205.25M","0.19%"
"Apr 25, 2018","8,233.05","8,315.42","8,315.42","8,231.18","213.19M","-0.99%"
"Apr 24, 2018","8,315.42","8,335.35","8,345.19","8,253.57","295.16M","-0.24%"
"Apr 23, 2018","8,335.35","8,256.60","8,339.33","8,255.99","255.83M","0.95%"
"Apr 22, 2018","8,256.60","8,277.14","8,295.63","8,238.14","208.54M","-0.25%"
"Apr 19, 2018","8,277.14","8,146.13","8,278.04","8,138.41","250.26M","1.61%"
"Apr 18, 2018","8,146.13","8,096.40","8,147.57","8,083.99","242.73M","0.61%"
"Apr 17, 2018","8,096.40","8,050.30","8,104.21","8,039.43","240.34M","0.57%"
"Apr 16, 2018","8,050.30","7,972.51","8,053.48","7,968.18","212.26M","0.98%"
"Apr 15, 2018","7,972.51","7,824.12","7,975.48","7,824.43","189.25M","1.90%"
"Apr 12, 2018","7,824.12","7,802.74","7,858.65","7,789.57","189.27M","0.27%"
"Apr 11, 2018","7,802.74","7,951.42","7,980.47","7,771.15","271.75M","-1.87%"
"Apr 10, 2018","7,951.42","7,975.45","7,990.34","7,942.54","161.69M","-0.30%"
"Apr 09, 2018","7,975.45","7,968.44","8,023.22","7,961.94","215.74M","0.09%"
"Apr 08, 2018","7,968.44","7,953.36","7,985.70","7,945.12","205.67M","0.19%"
"Apr 05, 2018","7,953.36","7,871.67","7,960.37","7,870.78","229.79M","1.04%"
"Apr 04, 2018","7,871.67","7,799.77","7,876.92","7,799.77","249.54M","0.92%"
"Apr 03, 2018","7,799.77","7,783.48","7,799.79","7,747.47","224.09M","0.21%"
"Apr 02, 2018","7,783.48","7,800.88","7,803.29","7,751.52","191.84M","-0.22%"
"Apr 01, 2018","7,800.88","7,870.87","7,888.75","7,798.81","167.72M","-0.89%"
"Mar 29, 2018","7,870.87","7,900.28","7,985.75","7,821.76","191.58M","-0.37%"
"Mar 28, 2018","7,900.28","7,942.54","7,950.70","7,866.79","175.74M","-0.53%"
"Mar 27, 2018","7,942.54","7,857.46","7,946.98","7,852.45","181.17M","1.08%"
"Mar 26, 2018","7,857.46","7,842.63","7,867.48","7,799.31","173.59M","0.19%"
"Mar 25, 2018","7,842.63","7,840.94","7,870.79","7,828.84","187.37M","0.02%"
"Mar 22, 2018","7,840.94","7,761.74","7,847.63","7,757.78","213.22M","1.02%"
"Mar 21, 2018","7,761.74","7,724.79","7,769.87","7,724.36","186.44M","0.48%"
"Mar 20, 2018","7,724.79","7,710.57","7,746.21","7,677.95","164.62M","0.18%"
"Mar 19, 2018","7,710.57","7,728.06","7,732.00","7,699.88","176.24M","-0.23%"
"Mar 18, 2018","7,728.06","7,744.68","7,776.69","7,714.17","162.69M","-0.21%"
"Mar 15, 2018","7,744.68","7,775.42","7,775.42","7,711.99","177.14M","-0.40%"
"Mar 14, 2018","7,775.42","7,778.05","7,789.33","7,761.59","159.67M","-0.03%"
"Mar 13, 2018","7,778.05","7,780.83","7,839.28","7,752.76","179.55M","-0.04%"
"Mar 12, 2018","7,780.83","7,696.07","7,827.24","7,695.78","263.83M","1.10%"
"Mar 11, 2018","7,696.07","7,562.11","7,699.56","7,562.74","184.21M","1.77%"
"Mar 08, 2018","7,562.11","7,453.17","7,565.86","7,452.51","129.97M","1.46%"
"Mar 07, 2018","7,453.17","7,437.61","7,461.97","7,434.58","106.44M","0.21%"
"Mar 06, 2018","7,437.61","7,366.83","7,447.09","7,365.24","133.08M","0.96%"
"Mar 05, 2018","7,366.83","7,368.85","7,391.58","7,336.41","122.66M","-0.03%"
"Mar 04, 2018","7,368.85","7,411.16","7,421.06","7,363.45","132.23M","-0.57%"
"Mar 01, 2018","7,411.16","7,418.80","7,421.24","7,389.23","168.77M","-0.10%"
"Feb 28, 2018","7,418.80","7,465.47","7,465.47","7,401.67","137.03M","-0.63%"
"Feb 27, 2018","7,465.47","7,471.90","7,491.89","7,461.01","114.45M","-0.09%"
"Feb 26, 2018","7,471.90","7,493.63","7,496.87","7,466.84","110.57M","-0.29%"
"Feb 25, 2018","7,493.63","7,525.22","7,553.69","7,487.83","154.22M","-0.42%"
"Feb 22, 2018","7,525.22","7,505.62","7,528.13","7,459.39","144.34M","0.26%"
"Feb 21, 2018","7,505.62","7,506.09","7,529.54","7,496.41","112.28M","-0.01%"
"Feb 20, 2018","7,506.09","7,528.24","7,549.96","7,500.23","120.20M","-0.29%"
"Feb 19, 2018","7,528.24","7,508.44","7,529.74","7,496.01","147.65M","0.26%"
"Feb 18, 2018","7,508.44","7,510.47","7,554.96","7,498.42","163.27M","-0.03%"
"Feb 15, 2018","7,510.47","7,419.71","7,518.13","7,419.62","153.62M","1.22%"
"Feb 14, 2018","7,419.71","7,412.56","7,435.84","7,404.18","116.20M","0.10%"
"Feb 13, 2018","7,412.56","7,425.57","7,452.10","7,395.59","151.00M","-0.18%"
"Feb 12, 2018","7,425.57","7,327.15","7,433.12","7,327.52","147.08M","1.34%"
"Feb 11, 2018","7,327.15","7,403.15","7,414.91","7,310.84","146.34M","-1.03%"
"Feb 08, 2018","7,403.15","7,417.17","7,435.33","7,385.13","168.59M","-0.19%"
"Feb 07, 2018","7,417.17","7,466.33","7,539.77","7,416.88","175.02M","-0.66%"
"Feb 06, 2018","7,466.33","7,587.39","7,587.39","7,429.49","221.46M","-1.60%"
"Feb 05, 2018","7,587.39","7,608.33","7,613.32","7,558.75","228.68M","-0.28%"
"Feb 04, 2018","7,608.33","7,656.07","7,656.07","7,592.42","174.13M","-0.62%"
"Feb 01, 2018","7,656.07","7,650.12","7,671.48","7,625.48","184.10M","0.08%"
"Jan 31, 2018","7,650.12","7,631.17","7,702.25","7,615.41","230.43M","0.25%"
"Jan 30, 2018","7,631.17","7,568.36","7,631.18","7,561.19","215.79M","0.83%"
"Jan 29, 2018","7,568.36","7,538.38","7,579.76","7,539.32","273.71M","0.40%"
"Jan 28, 2018","7,538.38","7,521.64","7,545.57","7,502.10","181.90M","0.22%"
"Jan 25, 2018","7,521.64","7,479.09","7,525.26","7,474.99","159.72M","0.57%"
"Jan 24, 2018","7,479.09","7,493.90","7,500.85","7,471.11","175.32M","-0.20%"
"Jan 23, 2018","7,493.90","7,480.89","7,516.81","7,473.36","181.56M","0.17%"
"Jan 22, 2018","7,480.89","7,513.30","7,526.22","7,480.30","158.08M","-0.43%"
"Jan 21, 2018","7,513.30","7,539.02","7,540.97","7,503.86","164.63M","-0.34%"
"Jan 18, 2018","7,539.02","7,539.74","7,560.70","7,512.07","204.91M","-0.01%"
"Jan 17, 2018","7,539.74","7,531.56","7,550.30","7,507.70","159.92M","0.11%"
"Jan 16, 2018","7,531.56","7,483.23","7,546.22","7,482.81","182.82M","0.65%"
"Jan 15, 2018","7,483.23","7,439.64","7,487.96","7,438.90","188.83M","0.59%"
"Jan 14, 2018","7,439.64","7,338.04","7,442.03","7,340.55","203.22M","1.38%"
"Jan 11, 2018","7,338.04","7,300.37","7,338.53","7,297.12","166.74M","0.52%"
"Jan 10, 2018","7,300.37","7,290.96","7,303.54","7,282.81","158.78M","0.13%"
"Jan 09, 2018","7,290.96","7,310.26","7,318.24","7,277.41","167.96M","-0.26%"
"Jan 08, 2018","7,310.26","7,317.65","7,338.75","7,308.66","156.86M","-0.10%"
"Jan 07, 2018","7,317.65","7,277.06","7,330.84","7,275.90","178.79M","0.56%"
"Jan 04, 2018","7,277.06","7,224.29","7,283.37","7,225.23","228.50M","0.73%"
"Jan 03, 2018","7,224.29","7,171.74","7,224.50","7,148.79","244.55M","0.73%"
"Jan 02, 2018","7,171.74","7,194.15","7,212.95","7,167.64","255.20M","-0.31%"
"Jan 01, 2018","7,194.15","7,226.32","7,228.66","7,154.53","187.99M","-0.45%"
"Dec 31, 2017","7,226.32","7,230.61","7,271.89","7,215.03","264.21M","-0.06%"
"Dec 28, 2017","7,230.61","7,201.21","7,236.47","7,197.97","242.90M","0.41%"
"Dec 27, 2017","7,201.21","7,177.55","7,219.86","7,176.33","238.23M","0.33%"
"Dec 26, 2017","7,177.55","7,146.37","7,180.84","7,130.33","187.78M","0.44%"
"Dec 25, 2017","7,146.37","7,181.46","7,182.87","7,142.40","166.31M","-0.49%"
"Dec 24, 2017","7,181.46","7,209.71","7,215.96","7,181.12","150.44M","-0.39%"
"Dec 21, 2017","7,209.71","7,212.62","7,233.30","7,197.34","167.96M","-0.04%"
"Dec 20, 2017","7,212.62","7,199.41","7,232.07","7,181.08","180.82M","0.18%"
"Dec 19, 2017","7,199.41","7,191.58","7,219.75","7,162.65","224.73M","0.11%"
"Dec 18, 2017","7,191.58","7,093.21","7,193.13","7,092.67","242.37M","1.39%"
"Dec 17, 2017","7,093.21","7,075.72","7,099.25","7,063.92","206.20M","0.25%"
"Dec 14, 2017","7,075.72","7,094.11","7,116.17","7,064.16","225.62M","-0.26%"
"Dec 13, 2017","7,094.11","7,123.06","7,127.92","7,077.41","250.59M","-0.41%"
"Dec 12, 2017","7,123.06","7,100.46","7,132.56","7,087.89","298.24M","0.32%"
"Dec 11, 2017","7,100.46","7,144.74","7,155.45","7,098.83","305.14M","-0.62%"
"Dec 10, 2017","7,144.74","7,085.51","7,151.46","7,083.65","330.89M","0.84%"
"Dec 07, 2017","7,085.51","7,026.06","7,086.69","7,007.05","342.99M","0.85%"
"Dec 06, 2017","7,026.06","7,067.13","7,067.45","7,023.88","232.66M","-0.58%"
"Dec 05, 2017","7,067.13","7,103.08","7,103.08","7,052.39","214.51M","-0.51%"
"Dec 04, 2017","7,103.08","7,089.33","7,120.45","7,076.77","256.29M","0.19%"
"Dec 03, 2017","7,089.33","7,003.97","7,099.39","7,004.91","237.24M","1.22%"
"Nov 30, 2017","7,003.97","6,972.04","7,004.18","6,961.42","168.96M","0.46%"
"Nov 29, 2017","6,972.04","6,967.35","7,001.53","6,962.69","196.98M","0.07%"
"Nov 28, 2017","6,967.35","6,939.21","6,975.60","6,938.99","175.24M","0.41%"
"Nov 27, 2017","6,939.21","6,933.77","6,981.94","6,925.98","210.17M","0.08%"
"Nov 26, 2017","6,933.77","6,878.21","6,945.43","6,877.19","141.66M","0.81%"
"Nov 23, 2017","6,878.21","6,822.45","6,882.48","6,819.78","155.72M","0.82%"
"Nov 22, 2017","6,822.45","6,778.32","6,825.86","6,778.32","132.05M","0.65%"
"Nov 21, 2017","6,778.32","6,804.23","6,811.85","6,752.65","130.83M","-0.38%"
"Nov 20, 2017","6,804.23","6,872.16","6,881.65","6,804.23","126.63M","-0.99%"
"Nov 19, 2017","6,872.16","6,913.46","6,913.55","6,859.29","146.53M","-0.60%"
"Nov 16, 2017","6,913.46","6,912.35","6,919.02","6,850.90","203.89M","0.02%"
"Nov 15, 2017","6,912.35","6,979.28","6,981.81","6,901.75","208.42M","-0.96%"
"Nov 14, 2017","6,979.28","6,961.52","6,983.13","6,942.25","192.14M","0.26%"
"Nov 13, 2017","6,961.52","6,933.09","6,961.53","6,877.98","186.26M","0.41%"
"Nov 12, 2017","6,933.09","6,954.38","6,954.56","6,849.39","180.28M","-0.31%"
"Nov 09, 2017","6,954.38","6,936.49","6,960.28","6,882.81","206.73M","0.26%"
"Nov 08, 2017","6,936.49","6,933.46","6,936.60","6,856.50","193.37M","0.04%"
"Nov 07, 2017","6,933.46","6,984.87","6,984.87","6,770.37","287.45M","-0.74%"
"Nov 06, 2017","6,984.87","6,978.73","6,989.40","6,859.34","207.63M","0.09%"
"Nov 05, 2017","6,978.73","6,956.51","6,980.49","6,801.05","232.40M","0.32%"
"Nov 02, 2017","6,956.51","6,948.49","6,959.62","6,933.71","182.90M","0.12%"
"Nov 01, 2017","6,948.49","6,934.37","6,951.72","6,927.88","156.53M","0.20%"
"Oct 31, 2017","6,934.37","6,945.28","6,947.74","6,899.09","178.53M","-0.16%"
"Oct 30, 2017","6,945.28","6,956.47","6,988.64","6,935.87","180.76M","-0.16%"
"Oct 29, 2017","6,956.47","6,910.65","6,956.89","6,900.46","146.37M","0.66%"
"Oct 26, 2017","6,910.65","6,905.82","6,911.90","6,872.40","160.38M","0.07%"
"Oct 25, 2017","6,905.82","6,884.90","6,912.01","6,864.66","118.02M","0.30%"
"Oct 24, 2017","6,884.90","6,886.26","6,904.87","6,819.26","139.47M","-0.02%"
"Oct 23, 2017","6,886.26","6,975.06","6,975.82","6,849.92","138.29M","-1.27%"
"Oct 22, 2017","6,975.06","7,011.26","7,031.10","6,958.84","122.80M","-0.52%"
"Oct 19, 2017","7,011.26","6,941.78","7,013.99","6,947.08","156.24M","1.00%"
"Oct 18, 2017","6,941.78","6,992.30","6,995.79","6,929.30","121.89M","-0.72%"
"Oct 17, 2017","6,992.30","6,976.97","6,992.44","6,955.75","108.33M","0.22%"
"Oct 16, 2017","6,976.97","6,937.94","6,976.97","6,925.49","141.54M","0.56%"
"Oct 15, 2017","6,937.94","6,987.76","7,012.56","6,935.87","100.65M","-0.71%"
"Oct 12, 2017","6,987.76","6,889.98","6,988.30","6,846.94","160.36M","1.42%"
"Oct 11, 2017","6,889.98","7,041.28","7,042.05","6,878.60","147.55M","-2.15%"
"Oct 10, 2017","7,041.28","7,114.01","7,124.38","7,034.90","116.89M","-1.02%"
"Oct 09, 2017","7,114.01","7,194.06","7,196.42","7,100.20","116.21M","-1.11%"
"Oct 08, 2017","7,194.06","7,259.22","7,258.91","7,189.53","110.45M","-0.90%"
"Oct 05, 2017","7,259.22","7,285.75","7,296.24","7,235.95","112.95M","-0.36%"
"Oct 04, 2017","7,285.75","7,244.38","7,288.29","7,242.96","134.36M","0.57%"
"Oct 03, 2017","7,244.38","7,224.10","7,258.05","7,211.73","116.96M","0.28%"
"Oct 02, 2017","7,224.10","7,233.84","7,245.37","7,210.13","120.37M","-0.13%"
"Oct 01, 2017","7,233.84","7,283.01","7,281.45","7,192.79","137.69M","-0.68%"
"Sep 28, 2017","7,283.01","7,233.31","7,284.79","7,224.73","126.33M","0.69%"
"Sep 27, 2017","7,233.31","7,240.10","7,250.90","7,207.29","106.40M","-0.09%"
"Sep 26, 2017","7,240.10","7,224.13","7,272.53","7,224.13","94.88M","0.22%"
"Sep 25, 2017","7,224.13","7,326.32","7,329.01","7,218.20","95.66M","-1.39%"
"Sep 21, 2017","7,326.32","7,319.84","7,346.51","7,319.77","87.61M","0.09%"
"Sep 20, 2017","7,319.84","7,351.15","7,352.62","7,289.28","296.30M","-0.43%"
"Sep 19, 2017","7,351.15","7,393.39","7,411.96","7,343.15","127.37M","-0.57%"
"Sep 18, 2017","7,393.39","7,403.02","7,427.28","7,391.83","142.95M","-0.13%"
"Sep 17, 2017","7,403.02","7,373.17","7,405.54","7,373.17","131.29M","0.40%"
"Sep 14, 2017","7,373.17","7,379.62","7,389.27","7,353.15","102.23M","-0.09%"
"Sep 13, 2017","7,379.62","7,399.98","7,403.78","7,359.90","103.91M","-0.28%"
"Sep 12, 2017","7,399.98","7,411.30","7,428.86","7,386.51","115.31M","-0.15%"
"Sep 11, 2017","7,411.30","7,377.95","7,418.20","7,377.69","128.67M","0.45%"
"Sep 10, 2017","7,377.95","7,360.61","7,383.86","7,345.55","114.81M","0.24%"
"Sep 07, 2017","7,360.61","7,306.12","7,362.66","7,284.93","93.94M","0.75%"
"Sep 06, 2017","7,306.12","7,258.64","7,307.23","7,258.64","65.17M","0.65%"
"Aug 29, 2017","7,258.64","7,261.84","7,274.43","7,241.37","97.60M","-0.04%"
"Aug 28, 2017","7,261.84","7,225.18","7,265.05","7,220.62","95.38M","0.51%"
"Aug 27, 2017","7,225.18","7,245.66","7,259.18","7,223.39","72.83M","-0.28%"
"Aug 24, 2017","7,245.66","7,263.75","7,273.09","7,239.48","96.99M","-0.25%"
"Aug 23, 2017","7,263.75","7,253.52","7,289.22","7,252.85","129.76M","0.14%"
"Aug 22, 2017","7,253.52","7,225.38","7,262.67","7,219.85","107.02M","0.39%"
"Aug 21, 2017","7,225.38","7,209.24","7,246.29","7,204.31","119.23M","0.22%"
"Aug 20, 2017","7,209.24","7,179.34","7,234.73","7,174.90","121.84M","0.42%"
"Aug 17, 2017","7,179.34","7,128.35","7,180.44","7,125.53","139.84M","0.72%"
"Aug 16, 2017","7,128.35","7,103.24","7,128.65","7,091.63","121.03M","0.35%"
"Aug 15, 2017","7,103.24","7,125.47","7,134.11","7,099.68","157.64M","-0.31%"
"Aug 14, 2017","7,125.47","7,148.21","7,148.21","7,121.62","128.92M","-0.32%"
"Aug 13, 2017","7,148.21","7,164.64","7,171.23","7,142.17","141.78M","-0.23%"
"Aug 10, 2017","7,164.64","7,153.17","7,175.42","7,149.53","148.85M","0.16%"
"Aug 09, 2017","7,153.17","7,145.54","7,180.88","7,144.07","141.86M","0.11%"
"Aug 08, 2017","7,145.54","7,113.37","7,152.02","7,108.10","134.89M","0.45%"
"Aug 07, 2017","7,113.37","7,094.28","7,124.53","7,075.12","126.88M","0.27%"
"Aug 06, 2017","7,094.28","7,085.56","7,114.61","7,079.49","95.22M","0.12%"
"Aug 03, 2017","7,085.56","7,080.87","7,094.35","7,069.25","113.28M","0.07%"
"Aug 02, 2017","7,080.87","7,109.27","7,110.68","7,058.71","102.90M","-0.40%"
"Aug 01, 2017","7,109.27","7,094.17","7,132.13","7,094.17","111.68M","0.21%"
"Jul 31, 2017","7,094.17","7,115.84","7,116.15","7,076.75","97.63M","-0.30%"
"Jul 30, 2017","7,115.84","7,175.17","7,175.17","7,112.04","91.50M","-0.83%"
"Jul 27, 2017","7,175.17","7,200.43","7,210.14","7,142.23","91.83M","-0.35%"
"Jul 26, 2017","7,200.43","7,227.96","7,232.87","7,193.89","81.51M","-0.38%"
"Jul 25, 2017","7,227.96","7,252.51","7,253.56","7,218.61","88.58M","-0.34%"
"Jul 24, 2017","7,252.51","7,263.60","7,264.61","7,234.59","96.87M","-0.15%"
"Jul 23, 2017","7,263.60","7,261.13","7,284.74","7,246.54","91.32M","0.03%"
"Jul 20, 2017","7,261.13","7,229.56","7,272.20","7,226.57","103.51M","0.44%"
"Jul 19, 2017","7,229.56","7,254.69","7,261.66","7,207.77","125.58M","-0.35%"
"Jul 18, 2017","7,254.69","7,288.89","7,302.56","7,253.91","126.16M","-0.47%"
"Jul 17, 2017","7,288.89","7,348.76","7,348.76","7,283.50","106.53M","-0.81%"
"Jul 16, 2017","7,348.76","7,313.42","7,364.15","7,313.42","116.93M","0.48%"
"Jul 13, 2017","7,313.42","7,306.58","7,365.79","7,306.73","149.13M","0.09%"
"Jul 12, 2017","7,306.58","7,245.39","7,313.66","7,245.39","147.08M","0.84%"
"Jul 11, 2017","7,245.39","7,236.94","7,264.82","7,234.15","165.10M","0.12%"
"Jul 10, 2017","7,236.94","7,166.77","7,266.38","7,167.71","195.43M","0.98%"
"Jul 09, 2017","7,166.77","7,203.99","7,216.91","7,161.20","100.62M","-0.52%"
"Jul 06, 2017","7,203.99","7,266.43","7,286.76","7,199.56","110.66M","-0.86%"
"Jul 05, 2017","7,266.43","7,299.74","7,318.57","7,232.78","115.05M","-0.46%"
"Jul 04, 2017","7,299.74","7,493.45","7,491.89","7,295.51","113.25M","-2.59%"
"Jul 03, 2017","7,493.45","7,486.31","7,493.99","7,355.45","146.86M","0.10%"
"Jul 02, 2017","7,486.31","7,425.72","7,586.22","7,345.61","148.44M","0.82%"
"Jun 22, 2017","7,425.72","7,334.87","7,496.74","7,277.06","272.75M","1.24%"
"Jun 21, 2017","7,334.87","6,952.67","7,336.53","6,952.98","369.80M","5.50%"
"Jun 20, 2017","6,952.67","7,046.53","7,087.07","6,931.60","108.62M","-1.33%"
"Jun 19, 2017","7,046.53","6,881.39","7,077.99","6,877.62","123.39M","2.40%"
"Jun 18, 2017","6,881.39","6,820.81","6,883.50","6,814.88","90.76M","0.89%"
"Jun 15, 2017","6,820.81","6,853.54","6,855.93","6,820.80","88.26M","-0.48%"
"Jun 14, 2017","6,853.54","6,820.60","6,865.12","6,819.52","76.20M","0.48%"
"Jun 13, 2017","6,820.60","6,822.43","6,827.39","6,810.52","79.70M","-0.03%"
"Jun 12, 2017","6,822.43","6,809.19","6,840.10","6,788.26","94.61M","0.19%"
"Jun 11, 2017","6,809.19","6,865.48","6,880.90","6,807.33","122.52M","-0.82%"
"Jun 08, 2017","6,865.48","6,946.42","6,946.42","6,865.14","136.85M","-1.17%"
"Jun 07, 2017","6,946.42","6,933.28","6,951.07","6,917.51","310.45M","0.19%"
"Jun 06, 2017","6,933.28","6,964.83","6,978.52","6,925.46","220.91M","-0.45%"
"Jun 05, 2017","6,964.83","6,927.59","6,974.51","6,873.45","257.09M","0.54%"
"Jun 04, 2017","6,927.59","6,863.62","6,932.05","6,851.96","115.82M","0.93%"
"Jun 01, 2017","6,863.62","6,871.24","6,884.67","6,863.33","127.20M","-0.11%"
"May 31, 2017","6,871.24","6,870.62","6,894.60","6,857.82","89.03M","0.01%"
"May 30, 2017","6,870.62","6,821.71","6,880.80","6,820.89","97.72M","0.72%"
"May 29, 2017","6,821.71","6,783.39","6,826.15","6,765.71","125.29M","0.56%"
"May 28, 2017","6,783.39","6,871.72","6,875.06","6,778.04","77.62M","-1.29%"
"May 25, 2017","6,871.72","6,901.43","6,918.45","6,870.70","130.61M","-0.43%"
"May 24, 2017","6,901.43","6,936.37","6,949.93","6,891.85","94.57M","-0.50%"
"May 23, 2017","6,936.37","6,987.65","6,987.65","6,921.85","143.94M","-0.73%"
"May 22, 2017","6,987.65","6,990.53","6,998.13","6,972.61","160.68M","-0.04%"
"May 21, 2017","6,990.53","6,938.10","7,009.93","6,937.55","158.83M","0.76%"
"May 18, 2017","6,938.10","6,947.36","6,962.98","6,929.38","140.86M","-0.13%"
"May 17, 2017","6,947.36","6,940.48","6,951.67","6,927.39","294.17M","0.10%"
"May 16, 2017","6,940.48","6,891.99","6,948.30","6,881.53","242.45M","0.70%"
"May 15, 2017","6,891.99","6,853.12","6,893.83","6,849.90","215.75M","0.57%"
"May 14, 2017","6,853.12","6,882.51","6,883.90","6,848.09","168.76M","-0.43%"
"May 11, 2017","6,882.51","6,930.32","6,932.11","6,869.05","174.38M","-0.69%"
"May 10, 2017","6,930.32","6,918.82","6,935.72","6,907.76","167.61M","0.17%"
"May 09, 2017","6,918.82","6,864.54","6,927.15","6,851.60","155.69M","0.79%"
"May 08, 2017","6,864.54","6,857.15","6,873.08","6,827.26","128.50M","0.11%"
"May 07, 2017","6,857.15","6,924.08","6,924.72","6,851.21","132.43M","-0.97%"
"May 04, 2017","6,924.08","6,967.71","6,967.71","6,902.12","190.56M","-0.63%"
"May 03, 2017","6,967.71","7,012.81","7,015.72","6,964.25","177.91M","-0.64%"
"May 02, 2017","7,012.81","7,003.73","7,024.92","6,991.07","229.16M","0.13%"
"May 01, 2017","7,003.73","7,013.47","7,035.93","6,999.31","210.13M","-0.14%"
"Apr 30, 2017","7,013.47","6,945.74","7,013.47","6,945.74","216.12M","0.98%"
"Apr 27, 2017","6,945.74","6,917.03","6,949.63","6,902.17","219.89M","0.42%"
"Apr 26, 2017","6,917.03","6,915.89","6,937.03","6,905.95","175.92M","0.02%"
"Apr 25, 2017","6,915.89","6,977.54","6,977.54","6,893.84","195.95M","-0.88%"
"Apr 24, 2017","6,977.54","6,968.75","6,977.54","6,935.02","118.39M","0.13%"
"Apr 23, 2017","6,968.75","6,899.00","7,017.08","6,899.78","192.61M","1.01%"
"Apr 20, 2017","6,899.00","6,948.06","6,948.07","6,886.39","168.47M","-0.71%"
"Apr 19, 2017","6,948.06","6,942.38","6,953.49","6,916.02","129.82M","0.08%"
"Apr 18, 2017","6,942.38","7,011.73","7,022.44","6,937.38","178.84M","-0.99%"
"Apr 17, 2017","7,011.73","7,005.40","7,022.03","6,993.13","181.61M","0.09%"
"Apr 16, 2017","7,005.40","7,076.92","7,076.92","6,967.97","144.39M","-1.01%"
"Apr 13, 2017","7,076.92","7,099.13","7,106.59","7,067.76","151.77M","-0.31%"
"Apr 12, 2017","7,099.13","7,036.36","7,102.38","7,026.54","150.44M","0.89%"
"Apr 11, 2017","7,036.36","7,062.17","7,078.09","7,032.89","97.83M","-0.37%"
"Apr 10, 2017","7,062.17","7,058.58","7,072.91","7,042.15","110.12M","0.05%"
"Apr 09, 2017","7,058.58","7,075.57","7,094.47","7,050.70","115.69M","-0.24%"
"Apr 06, 2017","7,075.57","7,050.91","7,092.14","7,046.21","131.19M","0.35%"
"Apr 05, 2017","7,050.91","6,986.19","7,072.88","6,982.95","132.87M","0.93%"
"Apr 04, 2017","6,986.19","6,967.98","6,988.50","6,943.11","99.45M","0.26%"
"Apr 03, 2017","6,967.98","6,990.43","6,995.71","6,961.67","118.41M","-0.32%"
"Apr 02, 2017","6,990.43","7,001.63","7,029.43","6,978.38","139.48M","-0.16%"
"Mar 30, 2017","7,001.63","6,948.96","7,009.61","6,948.96","147.28M","0.76%"
"Mar 29, 2017","6,948.96","6,872.77","6,949.08","6,872.77","118.67M","1.11%"
"Mar 28, 2017","6,872.77","6,852.13","6,882.03","6,845.34","112.27M","0.30%"
"Mar 27, 2017","6,852.13","6,874.12","6,874.92","6,838.23","97.31M","-0.32%"
"Mar 26, 2017","6,874.12","6,878.68","6,913.28","6,866.14","106.14M","-0.07%"
"Mar 23, 2017","6,878.68","6,832.30","6,892.63","6,832.30","131.27M","0.68%"
"Mar 22, 2017","6,832.30","6,912.78","6,912.78","6,826.16","130.68M","-1.16%"
"Mar 21, 2017","6,912.78","6,919.25","6,957.71","6,902.49","127.02M","-0.09%"
"Mar 20, 2017","6,919.25","6,952.63","6,952.81","6,917.19","142.01M","-0.48%"
"Mar 19, 2017","6,952.63","6,921.60","6,964.35","6,912.25","136.03M","0.45%"
"Mar 16, 2017","6,921.60","6,835.76","6,928.76","6,835.00","158.05M","1.26%"
"Mar 15, 2017","6,835.76","6,790.71","6,846.32","6,788.64","153.42M","0.66%"
"Mar 14, 2017","6,790.71","6,787.80","6,792.88","6,709.90","162.00M","0.04%"
"Mar 13, 2017","6,787.80","6,834.06","6,850.13","6,781.78","156.06M","-0.68%"
"Mar 12, 2017","6,834.06","6,916.84","6,921.50","6,827.51","136.81M","-1.20%"
"Mar 09, 2017","6,916.84","6,970.84","6,970.10","6,884.27","182.43M","-0.77%"
"Mar 08, 2017","6,970.84","6,993.13","6,998.35","6,957.31","121.14M","-0.32%"
"Mar 07, 2017","6,993.13","6,976.35","7,011.66","6,973.91","140.89M","0.24%"
"Mar 06, 2017","6,976.35","6,967.97","6,976.44","6,938.10","131.08M","0.12%"
"Mar 05, 2017","6,967.97","7,016.66","7,024.65","6,961.33","167.87M","-0.69%"
"Mar 02, 2017","7,016.66","6,966.53","7,024.31","6,966.53","210.15M","0.72%"
"Mar 01, 2017","6,966.53","6,972.39","6,996.18","6,950.57","151.16M","-0.08%"
"Feb 28, 2017","6,972.39","6,969.30","6,973.18","6,913.22","169.90M","0.04%"
"Feb 27, 2017","6,969.30","7,049.54","7,054.57","6,966.07","224.61M","-1.14%"
"Feb 26, 2017","7,049.54","7,046.17","7,073.07","7,039.60","172.66M","0.05%"
"Feb 23, 2017","7,046.17","7,062.85","7,074.25","7,029.83","174.69M","-0.24%"
"Feb 22, 2017","7,062.85","7,057.79","7,110.14","7,057.77","186.60M","0.07%"
"Feb 21, 2017","7,057.79","7,071.90","7,079.15","7,017.33","184.88M","-0.20%"
"Feb 20, 2017","7,071.90","7,140.18","7,142.49","7,068.12","194.75M","-0.96%"
"Feb 19, 2017","7,140.18","7,131.27","7,175.29","7,129.02","178.96M","0.12%"
"Feb 16, 2017","7,131.27","7,073.69","7,140.44","7,073.53","190.55M","0.81%"
"Feb 15, 2017","7,073.69","7,032.65","7,077.39","7,020.96","180.43M","0.58%"
"Feb 14, 2017","7,032.65","7,059.55","7,063.94","7,021.70","180.29M","-0.38%"
"Feb 13, 2017","7,059.55","7,021.57","7,062.59","7,017.54","194.03M","0.54%"
"Feb 12, 2017","7,021.57","6,969.26","7,049.70","6,969.26","167.08M","0.75%"
"Feb 09, 2017","6,969.26","6,967.40","6,986.16","6,942.20","167.93M","0.03%"
"Feb 08, 2017","6,967.40","7,038.62","7,040.26","6,954.14","230.73M","-1.01%"
"Feb 07, 2017","7,038.62","7,062.35","7,071.05","7,024.39","206.09M","-0.34%"
"Feb 06, 2017","7,062.35","7,046.38","7,063.63","7,012.33","182.14M","0.23%"
"Feb 05, 2017","7,046.38","7,098.64","7,119.58","7,034.75","153.66M","-0.74%"
"Feb 02, 2017","7,098.64","7,100.93","7,134.35","7,088.96","190.31M","-0.03%"
"Feb 01, 2017","7,100.93","7,101.86","7,119.98","7,086.21","218.37M","-0.01%"
"Jan 31, 2017","7,101.86","7,132.39","7,132.39","7,078.41","189.47M","-0.43%"
"Jan 30, 2017","7,132.39","7,183.25","7,190.00","7,129.64","223.00M","-0.71%"
"Jan 29, 2017","7,183.25","7,134.88","7,192.63","7,121.19","191.64M","0.68%"
"Jan 26, 2017","7,134.88","7,128.12","7,172.94","7,121.16","216.63M","0.09%"
"Jan 25, 2017","7,128.12","7,091.88","7,154.02","7,083.71","240.32M","0.51%"
"Jan 24, 2017","7,091.88","7,013.18","7,106.06","7,012.83","259.89M","1.12%"
"Jan 23, 2017","7,013.18","6,898.93","7,016.03","6,898.93","287.80M","1.66%"
"Jan 22, 2017","6,898.93","6,875.87","6,904.71","6,811.07","255.41M","0.34%"
"Jan 19, 2017","6,875.87","6,853.45","6,883.19","6,844.46","213.57M","0.33%"
"Jan 18, 2017","6,853.45","6,873.53","6,898.13","6,840.67","218.33M","-0.29%"
"Jan 17, 2017","6,873.53","6,823.63","6,877.73","6,745.13","186.56M","0.73%"
"Jan 16, 2017","6,823.63","6,930.92","6,930.63","6,800.83","207.90M","-1.55%"
"Jan 15, 2017","6,930.92","6,921.77","6,945.49","6,901.62","172.21M","0.13%"
"Jan 12, 2017","6,921.77","6,894.65","6,944.66","6,885.06","172.21M","0.39%"
"Jan 11, 2017","6,894.65","7,008.03","7,017.20","6,891.74","214.62M","-1.62%"
"Jan 10, 2017","7,008.03","7,081.71","7,081.71","6,998.25","209.87M","-1.04%"
"Jan 09, 2017","7,081.71","7,138.86","7,144.99","7,030.40","241.75M","-0.80%"
"Jan 08, 2017","7,138.86","7,198.73","7,212.04","7,130.25","190.56M","-0.83%"
"Jan 05, 2017","7,198.73","7,198.11","7,224.50","7,176.32","219.58M","0.01%"
"Jan 04, 2017","7,198.11","7,250.76","7,254.61","7,182.79","236.52M","-0.73%"
"Jan 03, 2017","7,250.76","7,247.34","7,260.37","7,209.51","277.38M","0.05%"
"Jan 02, 2017","7,247.34","7,237.95","7,290.33","7,224.77","299.45M","0.13%"
"Jan 01, 2017","7,237.95","7,210.43","7,250.19","7,207.65","240.97M","0.38%"